Anzahl Filialen Migros,linregModel,knnModel,rfModel,xgbrModel,ensemble
1.0,1.0,1.0,1.0,1.0,1.0
4.0,5.0,5.0,5.0,4.0,5.0
0.0,1.0,1.0,1.0,1.0,1.0
1.0,2.0,1.0,2.0,1.0,2.0
1.0,1.0,1.0,1.0,1.0,1.0
0.0,0.0,0.0,0.0,0.0,0.0
0.0,0.0,0.0,1.0,1.0,0.0
0.0,0.0,0.0,0.0,0.0,0.0
0.0,1.0,1.0,0.0,1.0,1.0
2.0,0.0,1.0,1.0,1.0,1.0
0.0,0.0,0.0,0.0,0.0,0.0
1.0,3.0,4.0,2.0,2.0,3.0
0.0,-0.0,0.0,0.0,0.0,0.0
0.0,0.0,0.0,0.0,0.0,0.0
0.0,0.0,0.0,0.0,0.0,0.0
1.0,1.0,2.0,1.0,1.0,1.0
0.0,0.0,0.0,0.0,0.0,0.0
0.0,-0.0,0.0,0.0,0.0,0.0
0.0,0.0,0.0,0.0,0.0,0.0
0.0,0.0,0.0,0.0,0.0,0.0
0.0,0.0,0.0,0.0,0.0,0.0
0.0,0.0,0.0,0.0,0.0,0.0
3.0,2.0,2.0,2.0,1.0,2.0
0.0,0.0,0.0,0.0,0.0,0.0
0.0,0.0,0.0,0.0,0.0,0.0
0.0,-0.0,0.0,0.0,0.0,0.0
2.0,1.0,1.0,1.0,1.0,1.0
1.0,2.0,2.0,2.0,1.0,2.0
0.0,1.0,0.0,0.0,0.0,0.0
0.0,0.0,0.0,0.0,0.0,0.0
0.0,-0.0,0.0,0.0,0.0,0.0
0.0,-0.0,0.0,0.0,0.0,0.0
0.0,0.0,0.0,0.0,0.0,0.0
0.0,-0.0,0.0,0.0,0.0,0.0
0.0,0.0,0.0,0.0,0.0,0.0
0.0,0.0,0.0,0.0,0.0,0.0
0.0,-0.0,0.0,0.0,0.0,0.0
5.0,2.0,3.0,3.0,2.0,2.0
2.0,1.0,1.0,1.0,1.0,1.0
0.0,-0.0,0.0,0.0,0.0,0.0
0.0,0.0,0.0,0.0,0.0,0.0
1.0,1.0,2.0,2.0,2.0,2.0
0.0,1.0,0.0,1.0,1.0,1.0
0.0,-0.0,0.0,0.0,0.0,0.0
0.0,0.0,0.0,0.0,0.0,0.0
0.0,0.0,0.0,0.0,0.0,0.0
0.0,0.0,0.0,0.0,0.0,0.0
1.0,2.0,2.0,2.0,2.0,2.0
0.0,0.0,0.0,0.0,0.0,0.0
0.0,-0.0,0.0,0.0,0.0,0.0
0.0,0.0,0.0,0.0,0.0,0.0
3.0,2.0,2.0,2.0,1.0,2.0
0.0,-0.0,0.0,0.0,0.0,0.0
0.0,0.0,0.0,0.0,0.0,0.0
1.0,0.0,0.0,0.0,0.0,0.0
0.0,0.0,0.0,0.0,0.0,0.0
0.0,0.0,0.0,0.0,0.0,0.0
0.0,0.0,1.0,0.0,0.0,0.0
0.0,0.0,0.0,0.0,0.0,0.0
0.0,-0.0,0.0,0.0,0.0,0.0
1.0,1.0,2.0,1.0,1.0,1.0
0.0,0.0,0.0,0.0,0.0,0.0
0.0,0.0,0.0,0.0,0.0,0.0
1.0,1.0,1.0,1.0,1.0,1.0
0.0,-0.0,0.0,0.0,0.0,0.0
1.0,2.0,3.0,2.0,1.0,2.0
0.0,0.0,0.0,0.0,0.0,0.0
0.0,1.0,0.0,0.0,0.0,0.0
0.0,0.0,0.0,0.0,0.0,0.0
0.0,0.0,0.0,0.0,0.0,0.0
1.0,1.0,1.0,2.0,1.0,1.0
0.0,-0.0,0.0,0.0,0.0,0.0
0.0,-0.0,0.0,0.0,0.0,0.0
0.0,0.0,0.0,0.0,0.0,0.0
0.0,-0.0,0.0,0.0,0.0,0.0
0.0,0.0,0.0,0.0,0.0,0.0
0.0,0.0,0.0,1.0,1.0,0.0
1.0,1.0,1.0,1.0,1.0,1.0
0.0,-0.0,0.0,0.0,0.0,0.0
2.0,2.0,1.0,2.0,1.0,2.0
0.0,-0.0,0.0,0.0,0.0,0.0
2.0,0.0,0.0,0.0,0.0,0.0
0.0,0.0,0.0,0.0,0.0,0.0
0.0,0.0,0.0,0.0,0.0,0.0
0.0,0.0,0.0,0.0,0.0,0.0
1.0,2.0,1.0,1.0,1.0,1.0
0.0,1.0,0.0,1.0,1.0,1.0
0.0,-0.0,0.0,0.0,0.0,0.0
0.0,0.0,0.0,0.0,0.0,0.0
0.0,1.0,0.0,0.0,0.0,0.0
0.0,-0.0,0.0,0.0,0.0,0.0
0.0,-0.0,0.0,0.0,0.0,0.0
0.0,-0.0,0.0,0.0,0.0,0.0
0.0,0.0,0.0,0.0,0.0,0.0
0.0,0.0,0.0,0.0,0.0,0.0
1.0,1.0,1.0,1.0,1.0,1.0
0.0,-0.0,0.0,0.0,0.0,0.0
1.0,0.0,0.0,0.0,0.0,0.0
0.0,0.0,0.0,0.0,0.0,0.0
0.0,0.0,0.0,0.0,0.0,0.0
0.0,1.0,0.0,0.0,0.0,0.0
1.0,3.0,4.0,5.0,3.0,4.0
0.0,1.0,1.0,1.0,1.0,1.0
0.0,-0.0,0.0,0.0,0.0,0.0
1.0,1.0,1.0,1.0,1.0,1.0
8.0,4.0,5.0,5.0,3.0,4.0
3.0,3.0,1.0,3.0,1.0,2.0
0.0,1.0,1.0,1.0,1.0,1.0
0.0,0.0,0.0,0.0,0.0,0.0
0.0,-0.0,0.0,0.0,0.0,0.0
0.0,0.0,1.0,0.0,0.0,0.0
0.0,-0.0,0.0,0.0,0.0,0.0
1.0,1.0,1.0,1.0,1.0,1.0
0.0,0.0,0.0,0.0,0.0,0.0
0.0,0.0,0.0,0.0,0.0,0.0
0.0,0.0,0.0,0.0,0.0,0.0
0.0,0.0,1.0,0.0,1.0,0.0
0.0,0.0,0.0,0.0,0.0,0.0
0.0,0.0,0.0,0.0,0.0,0.0
0.0,-0.0,0.0,0.0,0.0,0.0
0.0,0.0,0.0,0.0,0.0,0.0
0.0,0.0,0.0,0.0,0.0,0.0
0.0,-0.0,0.0,0.0,0.0,0.0
20.0,32.0,16.0,20.0,20.0,22.0
0.0,0.0,0.0,0.0,0.0,0.0
1.0,1.0,2.0,2.0,1.0,2.0
0.0,-0.0,0.0,0.0,0.0,0.0
0.0,0.0,0.0,0.0,0.0,0.0
0.0,0.0,0.0,0.0,0.0,0.0
0.0,0.0,0.0,0.0,0.0,0.0
1.0,1.0,1.0,1.0,1.0,1.0
3.0,0.0,0.0,0.0,0.0,0.0
0.0,0.0,0.0,0.0,0.0,0.0
0.0,0.0,0.0,0.0,0.0,0.0
0.0,1.0,0.0,0.0,0.0,0.0
0.0,0.0,0.0,0.0,0.0,0.0
0.0,-0.0,0.0,0.0,0.0,0.0
0.0,-0.0,0.0,0.0,0.0,0.0
0.0,0.0,0.0,0.0,0.0,0.0
0.0,-0.0,0.0,0.0,0.0,0.0
0.0,-0.0,0.0,0.0,0.0,0.0
0.0,1.0,0.0,0.0,0.0,0.0
1.0,0.0,0.0,0.0,0.0,0.0
0.0,1.0,0.0,1.0,1.0,1.0
0.0,1.0,0.0,1.0,1.0,1.0
0.0,-0.0,0.0,0.0,0.0,0.0
5.0,6.0,5.0,6.0,3.0,5.0
0.0,-0.0,0.0,0.0,0.0,0.0
0.0,0.0,0.0,0.0,0.0,0.0
1.0,1.0,1.0,1.0,1.0,1.0
0.0,0.0,0.0,1.0,0.0,0.0
0.0,-0.0,0.0,0.0,0.0,0.0
1.0,1.0,2.0,2.0,1.0,2.0
0.0,-0.0,0.0,0.0,0.0,0.0
0.0,0.0,0.0,0.0,0.0,0.0
0.0,-0.0,0.0,0.0,0.0,0.0
0.0,-0.0,0.0,0.0,0.0,0.0
0.0,0.0,0.0,0.0,0.0,0.0
0.0,0.0,0.0,0.0,0.0,0.0
0.0,0.0,1.0,0.0,0.0,0.0
0.0,-0.0,0.0,0.0,0.0,0.0
1.0,0.0,0.0,0.0,0.0,0.0
0.0,0.0,0.0,0.0,0.0,0.0
0.0,0.0,0.0,1.0,1.0,0.0
1.0,1.0,1.0,1.0,1.0,1.0
0.0,0.0,0.0,0.0,0.0,0.0
0.0,0.0,0.0,0.0,0.0,0.0
21.0,23.0,14.0,15.0,14.0,16.0
0.0,1.0,1.0,1.0,1.0,1.0
0.0,1.0,1.0,1.0,1.0,1.0
0.0,-0.0,0.0,0.0,0.0,0.0
1.0,1.0,1.0,1.0,1.0,1.0
0.0,-0.0,0.0,0.0,0.0,0.0
0.0,0.0,0.0,0.0,0.0,0.0
0.0,0.0,0.0,0.0,0.0,0.0
0.0,-0.0,0.0,0.0,0.0,0.0
1.0,1.0,1.0,0.0,0.0,0.0
0.0,0.0,0.0,0.0,0.0,0.0
1.0,0.0,0.0,0.0,0.0,0.0
0.0,-0.0,0.0,0.0,0.0,0.0
0.0,0.0,0.0,0.0,0.0,0.0
0.0,0.0,0.0,0.0,0.0,0.0
1.0,1.0,1.0,1.0,1.0,1.0
2.0,1.0,1.0,1.0,1.0,1.0
2.0,1.0,1.0,1.0,1.0,1.0
0.0,0.0,0.0,0.0,0.0,0.0
0.0,0.0,0.0,0.0,0.0,0.0
0.0,0.0,0.0,0.0,0.0,0.0
7.0,9.0,5.0,5.0,4.0,6.0
1.0,0.0,0.0,0.0,0.0,0.0
0.0,-0.0,0.0,0.0,0.0,0.0
0.0,0.0,0.0,0.0,0.0,0.0
0.0,-0.0,0.0,0.0,0.0,0.0
0.0,-0.0,0.0,0.0,0.0,0.0
5.0,2.0,2.0,2.0,1.0,2.0
1.0,1.0,1.0,1.0,1.0,1.0
0.0,-0.0,0.0,0.0,0.0,0.0
2.0,1.0,1.0,1.0,1.0,1.0
0.0,0.0,0.0,0.0,0.0,0.0
0.0,1.0,0.0,1.0,1.0,1.0
0.0,0.0,0.0,0.0,0.0,0.0
0.0,0.0,0.0,0.0,0.0,0.0
7.0,2.0,3.0,2.0,1.0,2.0
0.0,-0.0,0.0,0.0,0.0,0.0
2.0,1.0,1.0,1.0,1.0,1.0
1.0,0.0,0.0,0.0,0.0,0.0
0.0,0.0,0.0,0.0,0.0,0.0
1.0,0.0,0.0,0.0,0.0,0.0
0.0,0.0,0.0,0.0,0.0,0.0
0.0,-0.0,0.0,0.0,0.0,0.0
0.0,0.0,0.0,0.0,0.0,0.0
0.0,0.0,0.0,0.0,0.0,0.0
1.0,0.0,0.0,0.0,0.0,0.0
0.0,-0.0,0.0,0.0,0.0,0.0
0.0,0.0,0.0,0.0,0.0,0.0
0.0,1.0,0.0,0.0,0.0,0.0
0.0,0.0,0.0,0.0,0.0,0.0
0.0,-0.0,0.0,0.0,0.0,0.0
0.0,-0.0,0.0,0.0,0.0,0.0
0.0,0.0,0.0,0.0,0.0,0.0
0.0,-0.0,0.0,0.0,0.0,0.0
1.0,0.0,1.0,2.0,1.0,1.0
0.0,-0.0,0.0,0.0,0.0,0.0
0.0,0.0,0.0,1.0,0.0,0.0
0.0,1.0,0.0,1.0,0.0,0.0
0.0,0.0,0.0,0.0,0.0,0.0
0.0,0.0,0.0,0.0,0.0,0.0
0.0,0.0,0.0,0.0,0.0,0.0
0.0,0.0,0.0,0.0,0.0,0.0
1.0,0.0,1.0,0.0,1.0,0.0
0.0,-0.0,0.0,0.0,0.0,0.0
0.0,0.0,0.0,0.0,0.0,0.0
0.0,0.0,0.0,0.0,0.0,0.0
0.0,-0.0,0.0,0.0,0.0,0.0
0.0,0.0,0.0,0.0,0.0,0.0
0.0,0.0,0.0,0.0,0.0,0.0
1.0,0.0,0.0,0.0,0.0,0.0
0.0,-0.0,0.0,0.0,0.0,0.0
0.0,-0.0,0.0,0.0,0.0,0.0
0.0,0.0,0.0,0.0,0.0,0.0
1.0,0.0,0.0,0.0,0.0,0.0
1.0,1.0,0.0,1.0,1.0,1.0
0.0,0.0,0.0,0.0,0.0,0.0
2.0,1.0,1.0,1.0,1.0,1.0
0.0,1.0,0.0,0.0,0.0,0.0
0.0,-0.0,0.0,0.0,0.0,0.0
0.0,1.0,0.0,1.0,1.0,1.0
0.0,0.0,0.0,0.0,0.0,0.0
0.0,-0.0,0.0,0.0,0.0,0.0
0.0,-0.0,0.0,0.0,0.0,0.0
0.0,-0.0,0.0,0.0,0.0,0.0
0.0,0.0,0.0,0.0,0.0,0.0
0.0,-0.0,0.0,0.0,0.0,0.0
0.0,0.0,0.0,0.0,0.0,0.0
0.0,0.0,0.0,0.0,0.0,0.0
0.0,-0.0,0.0,0.0,0.0,0.0
0.0,0.0,0.0,0.0,0.0,0.0
0.0,0.0,0.0,0.0,0.0,0.0
0.0,0.0,0.0,0.0,0.0,0.0
1.0,1.0,0.0,1.0,1.0,1.0
0.0,-0.0,0.0,0.0,0.0,0.0
5.0,1.0,1.0,1.0,1.0,1.0
0.0,0.0,0.0,1.0,0.0,0.0
0.0,-0.0,0.0,0.0,0.0,0.0
0.0,0.0,0.0,0.0,0.0,0.0
0.0,0.0,0.0,0.0,0.0,0.0
0.0,-0.0,0.0,0.0,0.0,0.0
1.0,0.0,0.0,0.0,0.0,0.0
0.0,-0.0,0.0,0.0,0.0,0.0
3.0,2.0,3.0,3.0,2.0,2.0
0.0,0.0,0.0,0.0,0.0,0.0
0.0,0.0,0.0,0.0,0.0,0.0
1.0,0.0,0.0,1.0,1.0,0.0
0.0,0.0,0.0,0.0,0.0,0.0
0.0,0.0,0.0,0.0,0.0,0.0
0.0,-0.0,0.0,0.0,0.0,0.0
3.0,2.0,2.0,3.0,2.0,2.0
2.0,1.0,2.0,1.0,1.0,1.0
0.0,0.0,0.0,0.0,0.0,0.0
0.0,-0.0,0.0,0.0,0.0,0.0
0.0,0.0,0.0,0.0,1.0,0.0
0.0,0.0,0.0,0.0,0.0,0.0
0.0,-0.0,0.0,0.0,0.0,0.0
1.0,-0.0,0.0,0.0,0.0,0.0
1.0,1.0,0.0,1.0,1.0,1.0
0.0,1.0,1.0,1.0,1.0,1.0
0.0,0.0,0.0,0.0,0.0,0.0
0.0,-0.0,0.0,0.0,0.0,0.0
0.0,-0.0,0.0,0.0,0.0,0.0
0.0,0.0,0.0,0.0,0.0,0.0
0.0,-0.0,0.0,0.0,0.0,0.0
0.0,0.0,0.0,0.0,0.0,0.0
2.0,1.0,0.0,1.0,1.0,1.0
0.0,2.0,2.0,1.0,1.0,2.0
4.0,2.0,2.0,2.0,1.0,2.0
1.0,1.0,2.0,1.0,1.0,1.0
0.0,0.0,0.0,0.0,0.0,0.0
0.0,-0.0,1.0,0.0,0.0,0.0
0.0,-0.0,0.0,0.0,0.0,0.0
0.0,0.0,0.0,0.0,0.0,0.0
4.0,3.0,3.0,3.0,2.0,3.0
3.0,3.0,4.0,3.0,2.0,3.0
0.0,-0.0,0.0,0.0,0.0,0.0
0.0,0.0,0.0,0.0,0.0,0.0
1.0,1.0,1.0,1.0,1.0,1.0
0.0,0.0,0.0,0.0,0.0,0.0
0.0,0.0,0.0,0.0,0.0,0.0
0.0,-0.0,0.0,0.0,0.0,0.0
0.0,1.0,1.0,1.0,1.0,1.0
0.0,1.0,0.0,0.0,0.0,0.0
0.0,-0.0,0.0,0.0,0.0,0.0
3.0,3.0,3.0,3.0,2.0,3.0
0.0,0.0,0.0,0.0,0.0,0.0
0.0,1.0,0.0,1.0,1.0,1.0
1.0,0.0,1.0,0.0,0.0,0.0
1.0,0.0,0.0,0.0,0.0,0.0
0.0,-0.0,0.0,0.0,0.0,0.0
1.0,0.0,0.0,0.0,0.0,0.0
0.0,-0.0,0.0,0.0,0.0,0.0
0.0,-0.0,0.0,1.0,0.0,0.0
0.0,0.0,0.0,0.0,0.0,0.0
2.0,2.0,2.0,2.0,1.0,2.0
0.0,0.0,0.0,0.0,0.0,0.0
0.0,-0.0,0.0,0.0,0.0,0.0
0.0,-0.0,0.0,0.0,0.0,0.0
1.0,1.0,1.0,0.0,1.0,1.0
0.0,-0.0,0.0,0.0,0.0,0.0
0.0,-0.0,0.0,0.0,0.0,0.0
0.0,0.0,1.0,0.0,0.0,0.0
0.0,0.0,0.0,0.0,0.0,0.0
0.0,-0.0,0.0,0.0,0.0,0.0
0.0,0.0,0.0,0.0,0.0,0.0
0.0,1.0,1.0,2.0,1.0,1.0
1.0,1.0,1.0,1.0,1.0,1.0
0.0,0.0,0.0,0.0,0.0,0.0
0.0,0.0,0.0,0.0,0.0,0.0
0.0,0.0,0.0,0.0,0.0,0.0
2.0,1.0,0.0,1.0,1.0,1.0
1.0,0.0,1.0,1.0,1.0,1.0
7.0,1.0,6.0,4.0,3.0,4.0
0.0,-0.0,0.0,0.0,0.0,0.0
3.0,1.0,1.0,2.0,1.0,1.0
0.0,0.0,0.0,0.0,0.0,0.0
0.0,0.0,0.0,0.0,0.0,0.0
0.0,0.0,0.0,0.0,0.0,0.0
0.0,0.0,0.0,0.0,0.0,0.0
0.0,-0.0,0.0,0.0,0.0,0.0
0.0,0.0,0.0,0.0,0.0,0.0
0.0,-0.0,0.0,0.0,0.0,0.0
0.0,0.0,0.0,0.0,0.0,0.0
2.0,0.0,0.0,0.0,0.0,0.0
2.0,3.0,2.0,3.0,2.0,2.0
0.0,1.0,0.0,0.0,0.0,0.0
1.0,1.0,1.0,0.0,0.0,0.0
0.0,0.0,0.0,0.0,0.0,0.0
0.0,0.0,0.0,0.0,0.0,0.0
0.0,-0.0,0.0,0.0,0.0,0.0
0.0,-0.0,0.0,0.0,0.0,0.0
0.0,-0.0,0.0,0.0,0.0,0.0
0.0,0.0,0.0,0.0,0.0,0.0
0.0,-0.0,0.0,0.0,0.0,0.0
0.0,0.0,0.0,0.0,0.0,0.0
0.0,0.0,0.0,0.0,0.0,0.0
0.0,1.0,1.0,1.0,1.0,1.0
0.0,0.0,0.0,0.0,0.0,0.0
0.0,0.0,0.0,0.0,0.0,0.0
0.0,-0.0,0.0,0.0,0.0,0.0
0.0,-0.0,0.0,0.0,0.0,0.0
0.0,0.0,0.0,1.0,1.0,0.0
0.0,-0.0,0.0,0.0,0.0,0.0
0.0,-0.0,0.0,0.0,0.0,0.0
0.0,-0.0,0.0,0.0,0.0,0.0
1.0,1.0,2.0,2.0,2.0,2.0
0.0,-0.0,0.0,0.0,0.0,0.0
0.0,1.0,1.0,1.0,1.0,1.0
3.0,2.0,1.0,2.0,2.0,2.0
1.0,2.0,2.0,1.0,1.0,2.0
0.0,-0.0,0.0,0.0,0.0,0.0
0.0,0.0,0.0,0.0,0.0,0.0
0.0,0.0,0.0,0.0,0.0,0.0
1.0,1.0,0.0,1.0,1.0,1.0
0.0,0.0,0.0,0.0,0.0,0.0
0.0,0.0,0.0,0.0,0.0,0.0
0.0,-0.0,0.0,0.0,0.0,0.0
0.0,0.0,0.0,0.0,0.0,0.0
0.0,1.0,0.0,0.0,0.0,0.0
0.0,0.0,0.0,0.0,0.0,0.0
3.0,2.0,2.0,4.0,2.0,2.0
0.0,-0.0,0.0,0.0,0.0,0.0
0.0,1.0,0.0,0.0,0.0,0.0
0.0,-0.0,0.0,0.0,0.0,0.0
7.0,5.0,4.0,5.0,3.0,4.0
1.0,0.0,0.0,0.0,0.0,0.0
0.0,-0.0,0.0,0.0,0.0,0.0
0.0,0.0,0.0,0.0,0.0,0.0
0.0,-0.0,0.0,0.0,0.0,0.0
0.0,0.0,0.0,0.0,0.0,0.0
1.0,1.0,0.0,1.0,0.0,0.0
0.0,-0.0,0.0,0.0,0.0,0.0
0.0,1.0,0.0,1.0,1.0,1.0
0.0,1.0,1.0,1.0,1.0,1.0
1.0,1.0,0.0,1.0,1.0,1.0
0.0,0.0,0.0,0.0,0.0,0.0
0.0,2.0,0.0,1.0,1.0,1.0
0.0,1.0,0.0,1.0,1.0,1.0
0.0,0.0,0.0,0.0,0.0,0.0
0.0,0.0,0.0,0.0,0.0,0.0
0.0,1.0,0.0,1.0,1.0,1.0
0.0,-0.0,0.0,0.0,0.0,0.0
2.0,1.0,1.0,1.0,1.0,1.0
0.0,1.0,0.0,1.0,1.0,1.0
0.0,-0.0,0.0,0.0,0.0,0.0
0.0,0.0,0.0,0.0,0.0,0.0
0.0,-0.0,0.0,0.0,0.0,0.0
0.0,-0.0,0.0,0.0,0.0,0.0
0.0,0.0,0.0,0.0,0.0,0.0
0.0,0.0,0.0,0.0,0.0,0.0
0.0,0.0,0.0,0.0,0.0,0.0
0.0,0.0,0.0,0.0,0.0,0.0
0.0,-0.0,0.0,0.0,0.0,0.0
0.0,1.0,0.0,0.0,0.0,0.0
0.0,-0.0,0.0,0.0,0.0,0.0
0.0,2.0,0.0,0.0,0.0,0.0
0.0,0.0,0.0,0.0,0.0,0.0
0.0,1.0,0.0,1.0,1.0,1.0
1.0,1.0,1.0,1.0,1.0,1.0
0.0,0.0,0.0,0.0,0.0,0.0
1.0,1.0,0.0,1.0,1.0,1.0
0.0,0.0,0.0,0.0,0.0,0.0
0.0,-0.0,0.0,0.0,0.0,0.0
0.0,0.0,0.0,0.0,0.0,0.0
0.0,0.0,0.0,0.0,0.0,0.0
0.0,0.0,0.0,0.0,0.0,0.0
0.0,1.0,0.0,0.0,0.0,0.0
0.0,0.0,0.0,0.0,0.0,0.0
0.0,0.0,0.0,0.0,0.0,0.0
0.0,0.0,0.0,0.0,0.0,0.0
0.0,0.0,0.0,0.0,0.0,0.0
1.0,1.0,1.0,1.0,1.0,1.0
0.0,0.0,0.0,0.0,0.0,0.0
0.0,0.0,0.0,0.0,0.0,0.0
1.0,1.0,2.0,2.0,2.0,2.0
0.0,0.0,0.0,0.0,0.0,0.0
0.0,0.0,0.0,0.0,0.0,0.0
0.0,0.0,0.0,0.0,0.0,0.0
0.0,1.0,0.0,0.0,0.0,0.0
0.0,0.0,0.0,0.0,0.0,0.0
1.0,2.0,2.0,2.0,2.0,2.0
0.0,-0.0,0.0,0.0,0.0,0.0
0.0,-0.0,0.0,0.0,0.0,0.0
0.0,-0.0,0.0,0.0,0.0,0.0
0.0,-0.0,0.0,0.0,0.0,0.0
0.0,0.0,0.0,0.0,0.0,0.0
0.0,0.0,1.0,0.0,0.0,0.0
0.0,0.0,0.0,0.0,0.0,0.0
1.0,0.0,0.0,1.0,1.0,0.0
0.0,1.0,0.0,0.0,0.0,0.0
0.0,0.0,0.0,0.0,0.0,0.0
0.0,-0.0,0.0,0.0,0.0,0.0
0.0,1.0,0.0,0.0,0.0,0.0
0.0,-0.0,0.0,0.0,0.0,0.0
0.0,1.0,0.0,1.0,1.0,1.0
0.0,0.0,0.0,0.0,0.0,0.0
0.0,0.0,0.0,0.0,0.0,0.0
0.0,1.0,0.0,1.0,1.0,1.0
0.0,-0.0,0.0,0.0,0.0,0.0
0.0,-0.0,0.0,0.0,0.0,0.0
1.0,1.0,1.0,1.0,1.0,1.0
0.0,0.0,0.0,0.0,0.0,0.0
1.0,0.0,0.0,0.0,0.0,0.0
0.0,0.0,0.0,0.0,0.0,0.0
0.0,-0.0,0.0,0.0,0.0,0.0
0.0,-0.0,0.0,0.0,0.0,0.0
4.0,1.0,3.0,3.0,2.0,2.0
1.0,0.0,0.0,0.0,0.0,0.0
0.0,0.0,0.0,0.0,0.0,0.0
0.0,1.0,0.0,0.0,0.0,0.0
2.0,2.0,3.0,3.0,2.0,2.0
0.0,0.0,0.0,0.0,0.0,0.0
0.0,-0.0,0.0,0.0,0.0,0.0
0.0,-0.0,0.0,0.0,0.0,0.0
0.0,1.0,0.0,0.0,0.0,0.0
0.0,-0.0,0.0,0.0,0.0,0.0
1.0,1.0,1.0,1.0,1.0,1.0
0.0,0.0,0.0,0.0,0.0,0.0
0.0,0.0,0.0,0.0,0.0,0.0
3.0,1.0,2.0,1.0,1.0,1.0
0.0,-0.0,0.0,0.0,0.0,0.0
0.0,0.0,0.0,0.0,0.0,0.0
0.0,-0.0,0.0,0.0,0.0,0.0
1.0,1.0,1.0,1.0,1.0,1.0
1.0,0.0,0.0,1.0,1.0,0.0
0.0,0.0,0.0,0.0,0.0,0.0
1.0,1.0,1.0,1.0,1.0,1.0
2.0,3.0,4.0,4.0,3.0,4.0
3.0,1.0,1.0,2.0,2.0,2.0
0.0,-0.0,0.0,0.0,0.0,0.0
0.0,-0.0,0.0,0.0,0.0,0.0
0.0,0.0,0.0,0.0,0.0,0.0
0.0,0.0,0.0,0.0,0.0,0.0
0.0,0.0,0.0,0.0,0.0,0.0
0.0,-0.0,0.0,0.0,0.0,0.0
1.0,1.0,1.0,1.0,1.0,1.0
0.0,0.0,0.0,0.0,0.0,0.0
0.0,-0.0,0.0,0.0,0.0,0.0
0.0,-0.0,0.0,0.0,0.0,0.0
0.0,-0.0,0.0,0.0,0.0,0.0
0.0,0.0,0.0,0.0,0.0,0.0
0.0,0.0,0.0,0.0,0.0,0.0
0.0,0.0,0.0,0.0,0.0,0.0
1.0,1.0,1.0,1.0,1.0,1.0
0.0,1.0,0.0,0.0,1.0,0.0
1.0,1.0,1.0,1.0,1.0,1.0
0.0,0.0,0.0,0.0,0.0,0.0
0.0,0.0,0.0,0.0,0.0,0.0
0.0,-0.0,0.0,0.0,0.0,0.0
6.0,4.0,5.0,5.0,3.0,4.0
2.0,1.0,1.0,1.0,1.0,1.0
0.0,0.0,0.0,0.0,0.0,0.0
0.0,0.0,0.0,0.0,0.0,0.0
1.0,1.0,1.0,1.0,1.0,1.0
0.0,0.0,0.0,0.0,0.0,0.0
0.0,1.0,1.0,1.0,1.0,1.0
0.0,0.0,0.0,0.0,0.0,0.0
0.0,-0.0,0.0,0.0,0.0,0.0
3.0,2.0,1.0,2.0,1.0,2.0
1.0,0.0,1.0,1.0,1.0,1.0
1.0,1.0,1.0,1.0,1.0,1.0
0.0,1.0,0.0,0.0,1.0,0.0
0.0,-0.0,0.0,0.0,0.0,0.0
0.0,0.0,0.0,0.0,0.0,0.0
0.0,1.0,0.0,0.0,0.0,0.0
0.0,-0.0,0.0,0.0,0.0,0.0
2.0,3.0,3.0,4.0,3.0,3.0
0.0,-0.0,0.0,0.0,0.0,0.0
1.0,1.0,1.0,1.0,1.0,1.0
1.0,1.0,1.0,1.0,1.0,1.0
0.0,0.0,0.0,0.0,0.0,0.0
0.0,0.0,0.0,0.0,0.0,0.0
0.0,0.0,0.0,0.0,0.0,0.0
0.0,0.0,0.0,0.0,0.0,0.0
3.0,1.0,0.0,1.0,1.0,1.0
0.0,-0.0,0.0,0.0,0.0,0.0
1.0,1.0,1.0,1.0,0.0,1.0
0.0,0.0,0.0,0.0,0.0,0.0
0.0,0.0,0.0,0.0,0.0,0.0
0.0,0.0,0.0,0.0,0.0,0.0
0.0,0.0,0.0,0.0,0.0,0.0
0.0,1.0,0.0,0.0,0.0,0.0
2.0,2.0,2.0,2.0,2.0,2.0
0.0,-0.0,0.0,0.0,0.0,0.0
0.0,0.0,0.0,0.0,0.0,0.0
1.0,0.0,0.0,1.0,1.0,0.0
0.0,-0.0,0.0,0.0,0.0,0.0
0.0,0.0,0.0,0.0,0.0,0.0
0.0,0.0,0.0,0.0,0.0,0.0
1.0,1.0,2.0,1.0,1.0,1.0
4.0,4.0,2.0,3.0,3.0,3.0
0.0,-0.0,0.0,0.0,0.0,0.0
0.0,0.0,0.0,0.0,0.0,0.0
1.0,0.0,0.0,1.0,1.0,0.0
0.0,-0.0,0.0,0.0,0.0,0.0
0.0,1.0,0.0,1.0,0.0,0.0
0.0,0.0,1.0,1.0,1.0,1.0
0.0,0.0,0.0,0.0,0.0,0.0
0.0,0.0,0.0,0.0,0.0,0.0
1.0,1.0,1.0,2.0,1.0,1.0
0.0,0.0,0.0,0.0,0.0,0.0
0.0,1.0,0.0,0.0,0.0,0.0
0.0,-0.0,0.0,0.0,0.0,0.0
0.0,-0.0,0.0,0.0,0.0,0.0
0.0,-0.0,0.0,0.0,0.0,0.0
0.0,-0.0,0.0,0.0,0.0,0.0
0.0,-0.0,0.0,0.0,0.0,0.0
0.0,0.0,0.0,0.0,0.0,0.0
0.0,0.0,0.0,0.0,0.0,0.0
1.0,1.0,0.0,1.0,1.0,1.0
0.0,0.0,0.0,0.0,0.0,0.0
1.0,1.0,0.0,1.0,1.0,1.0
0.0,0.0,0.0,0.0,0.0,0.0
0.0,0.0,1.0,0.0,0.0,0.0
0.0,-0.0,0.0,0.0,0.0,0.0
0.0,0.0,0.0,0.0,0.0,0.0
0.0,0.0,0.0,0.0,0.0,0.0
0.0,0.0,0.0,0.0,0.0,0.0
1.0,1.0,1.0,1.0,1.0,1.0
0.0,0.0,1.0,0.0,0.0,0.0
1.0,1.0,1.0,1.0,1.0,1.0
0.0,0.0,0.0,0.0,0.0,0.0
0.0,-0.0,0.0,0.0,0.0,0.0
0.0,1.0,1.0,1.0,1.0,1.0
0.0,1.0,0.0,1.0,1.0,1.0
0.0,-0.0,0.0,0.0,0.0,0.0
0.0,-0.0,0.0,0.0,0.0,0.0
1.0,1.0,1.0,1.0,1.0,1.0
0.0,0.0,0.0,0.0,0.0,0.0
3.0,1.0,0.0,1.0,1.0,1.0
1.0,1.0,0.0,1.0,0.0,0.0
0.0,0.0,0.0,0.0,0.0,0.0
0.0,0.0,0.0,0.0,0.0,0.0
0.0,1.0,0.0,0.0,0.0,0.0
0.0,0.0,0.0,0.0,0.0,0.0
0.0,0.0,0.0,0.0,0.0,0.0
1.0,0.0,0.0,0.0,0.0,0.0
0.0,-0.0,0.0,0.0,0.0,0.0
1.0,0.0,0.0,0.0,0.0,0.0
0.0,0.0,0.0,0.0,0.0,0.0
1.0,0.0,0.0,1.0,1.0,0.0
0.0,-0.0,0.0,0.0,0.0,0.0
2.0,1.0,1.0,1.0,1.0,1.0
0.0,0.0,0.0,0.0,0.0,0.0
0.0,-0.0,0.0,0.0,0.0,0.0
0.0,0.0,0.0,0.0,0.0,0.0
2.0,1.0,1.0,1.0,1.0,1.0
0.0,-0.0,0.0,0.0,0.0,0.0
0.0,0.0,0.0,0.0,0.0,0.0
0.0,0.0,0.0,0.0,0.0,0.0
0.0,0.0,0.0,0.0,0.0,0.0
0.0,0.0,0.0,0.0,0.0,0.0
0.0,0.0,0.0,0.0,0.0,0.0
0.0,-0.0,0.0,0.0,0.0,0.0
0.0,-0.0,0.0,0.0,0.0,0.0
0.0,-0.0,0.0,0.0,0.0,0.0
0.0,0.0,0.0,0.0,0.0,0.0
2.0,1.0,1.0,1.0,1.0,1.0
0.0,0.0,0.0,1.0,1.0,0.0
0.0,-0.0,0.0,0.0,0.0,0.0
0.0,-0.0,0.0,0.0,0.0,0.0
1.0,0.0,0.0,0.0,0.0,0.0
0.0,0.0,0.0,0.0,0.0,0.0
0.0,-0.0,0.0,0.0,0.0,0.0
0.0,0.0,0.0,0.0,0.0,0.0
0.0,0.0,0.0,0.0,0.0,0.0
0.0,-0.0,0.0,0.0,0.0,0.0
0.0,0.0,0.0,0.0,0.0,0.0
0.0,0.0,0.0,0.0,0.0,0.0
0.0,0.0,0.0,0.0,0.0,0.0
0.0,0.0,0.0,0.0,0.0,0.0
1.0,1.0,0.0,1.0,1.0,1.0
0.0,0.0,0.0,0.0,0.0,0.0
0.0,-0.0,0.0,0.0,0.0,0.0
2.0,1.0,1.0,1.0,1.0,1.0
0.0,-0.0,0.0,0.0,0.0,0.0
0.0,0.0,0.0,0.0,0.0,0.0
1.0,0.0,0.0,0.0,0.0,0.0
0.0,0.0,0.0,0.0,0.0,0.0
0.0,0.0,0.0,0.0,0.0,0.0
0.0,1.0,0.0,1.0,1.0,1.0
0.0,0.0,0.0,0.0,0.0,0.0
0.0,-0.0,0.0,0.0,0.0,0.0
0.0,0.0,0.0,0.0,0.0,0.0
0.0,0.0,0.0,0.0,0.0,0.0
0.0,0.0,0.0,0.0,0.0,0.0
0.0,0.0,0.0,1.0,0.0,0.0
0.0,-0.0,0.0,0.0,0.0,0.0
0.0,0.0,1.0,0.0,0.0,0.0
7.0,4.0,5.0,4.0,3.0,4.0
0.0,0.0,0.0,0.0,0.0,0.0
2.0,3.0,1.0,3.0,2.0,2.0
0.0,0.0,0.0,0.0,0.0,0.0
0.0,-0.0,0.0,0.0,0.0,0.0
0.0,-0.0,0.0,0.0,0.0,0.0
1.0,1.0,0.0,1.0,1.0,1.0
6.0,5.0,4.0,4.0,4.0,4.0
1.0,1.0,1.0,1.0,1.0,1.0
0.0,0.0,0.0,0.0,0.0,0.0
1.0,1.0,1.0,1.0,1.0,1.0
0.0,0.0,0.0,0.0,0.0,0.0
0.0,0.0,0.0,0.0,0.0,0.0
4.0,1.0,1.0,1.0,1.0,1.0
1.0,1.0,1.0,1.0,1.0,1.0
0.0,-0.0,0.0,0.0,0.0,0.0
0.0,0.0,0.0,0.0,0.0,0.0
0.0,-0.0,0.0,0.0,0.0,0.0
0.0,0.0,0.0,0.0,0.0,0.0
0.0,0.0,0.0,0.0,0.0,0.0
5.0,1.0,1.0,1.0,1.0,1.0
0.0,0.0,0.0,0.0,0.0,0.0
0.0,0.0,0.0,0.0,0.0,0.0
1.0,1.0,1.0,1.0,1.0,1.0
1.0,0.0,0.0,0.0,0.0,0.0
0.0,0.0,0.0,0.0,0.0,0.0
0.0,0.0,0.0,0.0,0.0,0.0
0.0,-0.0,0.0,0.0,0.0,0.0
1.0,1.0,0.0,1.0,1.0,1.0
1.0,1.0,1.0,1.0,1.0,1.0
0.0,-0.0,0.0,0.0,0.0,0.0
0.0,-0.0,0.0,0.0,0.0,0.0
12.0,24.0,16.0,14.0,9.0,16.0
0.0,0.0,0.0,0.0,0.0,0.0
0.0,1.0,0.0,0.0,0.0,0.0
1.0,2.0,1.0,1.0,1.0,1.0
1.0,1.0,0.0,1.0,1.0,1.0
0.0,0.0,0.0,0.0,0.0,0.0
0.0,-0.0,0.0,0.0,0.0,0.0
0.0,0.0,0.0,0.0,0.0,0.0
0.0,1.0,1.0,1.0,1.0,1.0
0.0,0.0,0.0,0.0,0.0,0.0
0.0,-0.0,0.0,0.0,0.0,0.0
0.0,0.0,0.0,0.0,0.0,0.0
0.0,0.0,0.0,0.0,0.0,0.0
0.0,0.0,0.0,0.0,0.0,0.0
0.0,-0.0,0.0,0.0,0.0,0.0
0.0,0.0,0.0,0.0,0.0,0.0
0.0,0.0,1.0,0.0,0.0,0.0
0.0,0.0,0.0,0.0,0.0,0.0
0.0,0.0,0.0,0.0,0.0,0.0
2.0,1.0,1.0,2.0,1.0,1.0
0.0,-0.0,0.0,0.0,0.0,0.0
4.0,2.0,1.0,2.0,1.0,2.0
3.0,2.0,2.0,2.0,1.0,2.0
2.0,2.0,2.0,3.0,2.0,2.0
0.0,1.0,1.0,1.0,1.0,1.0
0.0,1.0,1.0,0.0,1.0,1.0
0.0,0.0,0.0,0.0,0.0,0.0
2.0,2.0,1.0,1.0,1.0,1.0
0.0,-0.0,0.0,0.0,0.0,0.0
0.0,0.0,1.0,0.0,0.0,0.0
0.0,0.0,0.0,0.0,0.0,0.0
0.0,-0.0,0.0,0.0,0.0,0.0
0.0,0.0,0.0,0.0,0.0,0.0
0.0,0.0,0.0,0.0,0.0,0.0
0.0,1.0,0.0,1.0,1.0,1.0
0.0,0.0,0.0,0.0,0.0,0.0
4.0,3.0,2.0,3.0,2.0,2.0
1.0,1.0,1.0,1.0,1.0,1.0
0.0,0.0,0.0,0.0,0.0,0.0
0.0,-0.0,0.0,0.0,0.0,0.0
0.0,-0.0,0.0,0.0,0.0,0.0
1.0,1.0,1.0,1.0,1.0,1.0
0.0,0.0,0.0,0.0,0.0,0.0
3.0,2.0,0.0,1.0,0.0,1.0
0.0,-0.0,0.0,0.0,0.0,0.0
0.0,-0.0,1.0,0.0,0.0,0.0
0.0,-0.0,0.0,0.0,0.0,0.0
0.0,0.0,0.0,0.0,0.0,0.0
0.0,1.0,0.0,1.0,0.0,0.0
0.0,-0.0,0.0,0.0,0.0,0.0
0.0,-0.0,0.0,0.0,0.0,0.0
0.0,0.0,0.0,0.0,0.0,0.0
3.0,1.0,0.0,1.0,1.0,1.0
0.0,-0.0,0.0,0.0,0.0,0.0
1.0,1.0,1.0,1.0,1.0,1.0
0.0,1.0,0.0,1.0,1.0,1.0
1.0,1.0,1.0,1.0,1.0,1.0
0.0,1.0,0.0,0.0,0.0,0.0
4.0,2.0,2.0,2.0,2.0,2.0
0.0,-0.0,0.0,0.0,0.0,0.0
0.0,0.0,0.0,0.0,0.0,0.0
0.0,-0.0,0.0,0.0,0.0,0.0
0.0,0.0,0.0,0.0,0.0,0.0
0.0,1.0,0.0,0.0,0.0,0.0
0.0,1.0,0.0,0.0,0.0,0.0
0.0,0.0,0.0,0.0,0.0,0.0
1.0,1.0,1.0,0.0,1.0,1.0
0.0,0.0,0.0,0.0,0.0,0.0
0.0,0.0,0.0,0.0,0.0,0.0
0.0,0.0,0.0,1.0,0.0,0.0
0.0,0.0,0.0,0.0,0.0,0.0
0.0,-0.0,0.0,0.0,0.0,0.0
0.0,0.0,1.0,1.0,1.0,1.0
0.0,0.0,0.0,0.0,0.0,0.0
0.0,0.0,0.0,0.0,0.0,0.0
0.0,0.0,0.0,0.0,0.0,0.0
0.0,0.0,0.0,0.0,0.0,0.0
1.0,0.0,0.0,0.0,0.0,0.0
0.0,0.0,0.0,0.0,0.0,0.0
0.0,-0.0,0.0,0.0,0.0,0.0
0.0,0.0,0.0,0.0,0.0,0.0
0.0,0.0,0.0,0.0,0.0,0.0
0.0,0.0,0.0,0.0,0.0,0.0
0.0,0.0,0.0,0.0,0.0,0.0
0.0,1.0,0.0,0.0,0.0,0.0
0.0,0.0,0.0,0.0,0.0,0.0
0.0,0.0,1.0,0.0,0.0,0.0
0.0,0.0,0.0,0.0,0.0,0.0
0.0,-0.0,0.0,0.0,0.0,0.0
0.0,0.0,0.0,0.0,0.0,0.0
0.0,-0.0,0.0,0.0,0.0,0.0
0.0,0.0,0.0,0.0,0.0,0.0
0.0,-0.0,0.0,0.0,0.0,0.0
0.0,-0.0,0.0,0.0,0.0,0.0
0.0,-0.0,0.0,0.0,0.0,0.0
0.0,-0.0,0.0,0.0,0.0,0.0
0.0,0.0,0.0,0.0,0.0,0.0
1.0,1.0,1.0,1.0,1.0,1.0
0.0,0.0,0.0,0.0,0.0,0.0
0.0,0.0,0.0,0.0,0.0,0.0
0.0,0.0,0.0,0.0,0.0,0.0
0.0,0.0,0.0,0.0,0.0,0.0
0.0,0.0,0.0,0.0,0.0,0.0
0.0,0.0,0.0,0.0,0.0,0.0
0.0,1.0,1.0,0.0,0.0,0.0
0.0,0.0,0.0,0.0,0.0,0.0
1.0,0.0,0.0,0.0,0.0,0.0
0.0,0.0,0.0,0.0,0.0,0.0
0.0,0.0,0.0,0.0,0.0,0.0
0.0,0.0,0.0,0.0,0.0,0.0
0.0,1.0,1.0,1.0,1.0,1.0
0.0,0.0,0.0,0.0,0.0,0.0
0.0,0.0,0.0,0.0,0.0,0.0
0.0,0.0,0.0,0.0,0.0,0.0
0.0,1.0,1.0,1.0,1.0,1.0
0.0,0.0,0.0,0.0,0.0,0.0
0.0,1.0,0.0,0.0,0.0,0.0
2.0,1.0,0.0,0.0,1.0,0.0
0.0,-0.0,0.0,0.0,0.0,0.0
0.0,-0.0,0.0,0.0,0.0,0.0
0.0,1.0,0.0,0.0,0.0,0.0
0.0,0.0,0.0,0.0,0.0,0.0
1.0,1.0,1.0,1.0,1.0,1.0
0.0,-0.0,0.0,0.0,0.0,0.0
1.0,1.0,1.0,1.0,1.0,1.0
0.0,0.0,0.0,0.0,0.0,0.0
0.0,0.0,0.0,0.0,0.0,0.0
0.0,-0.0,0.0,0.0,0.0,0.0
0.0,-0.0,0.0,0.0,0.0,0.0
0.0,-0.0,0.0,0.0,0.0,0.0
0.0,-0.0,0.0,0.0,0.0,0.0
0.0,0.0,0.0,0.0,0.0,0.0
0.0,-0.0,0.0,0.0,0.0,0.0
0.0,0.0,0.0,1.0,0.0,0.0
0.0,0.0,0.0,0.0,0.0,0.0
0.0,0.0,0.0,0.0,0.0,0.0
0.0,-0.0,0.0,0.0,0.0,0.0
0.0,0.0,0.0,0.0,0.0,0.0
0.0,-0.0,0.0,0.0,0.0,0.0
0.0,0.0,0.0,0.0,0.0,0.0
1.0,1.0,1.0,1.0,1.0,1.0
0.0,0.0,0.0,0.0,0.0,0.0
3.0,2.0,2.0,2.0,1.0,2.0
0.0,0.0,0.0,0.0,0.0,0.0
0.0,-0.0,0.0,0.0,0.0,0.0
0.0,-0.0,0.0,0.0,0.0,0.0
0.0,0.0,0.0,1.0,1.0,0.0
0.0,0.0,0.0,0.0,0.0,0.0
0.0,0.0,0.0,0.0,0.0,0.0
1.0,1.0,2.0,1.0,1.0,1.0
0.0,0.0,0.0,0.0,0.0,0.0
0.0,0.0,1.0,0.0,0.0,0.0
2.0,1.0,1.0,1.0,1.0,1.0
0.0,0.0,0.0,0.0,0.0,0.0
0.0,0.0,0.0,0.0,0.0,0.0
3.0,2.0,2.0,2.0,1.0,2.0
0.0,0.0,0.0,0.0,0.0,0.0
1.0,0.0,0.0,0.0,0.0,0.0
1.0,1.0,0.0,1.0,1.0,1.0
1.0,1.0,1.0,1.0,1.0,1.0
0.0,0.0,0.0,0.0,0.0,0.0
0.0,-0.0,0.0,0.0,0.0,0.0
0.0,-0.0,0.0,0.0,0.0,0.0
0.0,0.0,0.0,0.0,0.0,0.0
0.0,0.0,0.0,0.0,0.0,0.0
0.0,0.0,0.0,0.0,0.0,0.0
0.0,0.0,0.0,0.0,0.0,0.0
1.0,1.0,0.0,0.0,0.0,0.0
0.0,-0.0,0.0,0.0,0.0,0.0
0.0,0.0,0.0,0.0,0.0,0.0
0.0,0.0,0.0,0.0,0.0,0.0
0.0,-0.0,0.0,0.0,0.0,0.0
1.0,1.0,1.0,1.0,1.0,1.0
0.0,0.0,0.0,0.0,0.0,0.0
0.0,-0.0,0.0,0.0,0.0,0.0
2.0,3.0,4.0,3.0,2.0,3.0
0.0,0.0,1.0,1.0,0.0,0.0
0.0,1.0,1.0,1.0,0.0,1.0
0.0,-0.0,0.0,0.0,0.0,0.0
0.0,0.0,0.0,0.0,0.0,0.0
3.0,1.0,2.0,2.0,1.0,2.0
0.0,-0.0,0.0,0.0,0.0,0.0
0.0,-0.0,0.0,0.0,0.0,0.0
0.0,-0.0,0.0,0.0,0.0,0.0
0.0,-0.0,0.0,0.0,0.0,0.0
0.0,1.0,2.0,1.0,1.0,1.0
0.0,-0.0,0.0,0.0,0.0,0.0
0.0,0.0,0.0,0.0,0.0,0.0
1.0,1.0,0.0,1.0,1.0,1.0
0.0,-0.0,0.0,0.0,0.0,0.0
0.0,-0.0,0.0,0.0,0.0,0.0
1.0,1.0,1.0,1.0,1.0,1.0
0.0,0.0,0.0,0.0,0.0,0.0
0.0,0.0,0.0,0.0,0.0,0.0
0.0,0.0,0.0,0.0,0.0,0.0
1.0,1.0,1.0,1.0,1.0,1.0
0.0,-0.0,0.0,0.0,0.0,0.0
3.0,2.0,1.0,2.0,1.0,2.0
0.0,0.0,0.0,0.0,0.0,0.0
1.0,1.0,2.0,1.0,1.0,1.0
0.0,0.0,0.0,0.0,0.0,0.0
0.0,-0.0,0.0,0.0,0.0,0.0
0.0,0.0,0.0,0.0,0.0,0.0
1.0,0.0,0.0,0.0,1.0,0.0
3.0,1.0,1.0,2.0,1.0,1.0
2.0,0.0,0.0,0.0,0.0,0.0
2.0,1.0,1.0,1.0,0.0,1.0
0.0,-0.0,0.0,0.0,0.0,0.0
0.0,0.0,0.0,0.0,0.0,0.0
0.0,0.0,0.0,0.0,0.0,0.0
0.0,-0.0,0.0,0.0,0.0,0.0
0.0,-0.0,0.0,0.0,0.0,0.0
0.0,0.0,0.0,0.0,0.0,0.0
5.0,2.0,2.0,3.0,2.0,2.0
0.0,0.0,0.0,0.0,0.0,0.0
0.0,-0.0,0.0,0.0,0.0,0.0
1.0,1.0,1.0,1.0,1.0,1.0
0.0,0.0,0.0,0.0,0.0,0.0
0.0,0.0,0.0,0.0,0.0,0.0
0.0,-0.0,0.0,0.0,0.0,0.0
0.0,0.0,0.0,0.0,0.0,0.0
0.0,0.0,0.0,0.0,0.0,0.0
0.0,0.0,0.0,0.0,0.0,0.0
0.0,-0.0,0.0,0.0,0.0,0.0
1.0,0.0,0.0,0.0,0.0,0.0
0.0,1.0,0.0,0.0,0.0,0.0
0.0,-0.0,0.0,0.0,0.0,0.0
0.0,-0.0,0.0,0.0,0.0,0.0
0.0,1.0,1.0,1.0,1.0,1.0
0.0,0.0,0.0,0.0,0.0,0.0
0.0,-0.0,0.0,0.0,0.0,0.0
0.0,0.0,0.0,0.0,0.0,0.0
1.0,0.0,1.0,0.0,0.0,0.0
0.0,-0.0,0.0,0.0,0.0,0.0
0.0,0.0,0.0,0.0,0.0,0.0
0.0,0.0,0.0,0.0,0.0,0.0
0.0,0.0,0.0,0.0,0.0,0.0
1.0,0.0,0.0,0.0,0.0,0.0
0.0,-0.0,0.0,0.0,0.0,0.0
0.0,-0.0,0.0,0.0,0.0,0.0
0.0,0.0,0.0,0.0,0.0,0.0
1.0,0.0,1.0,0.0,1.0,0.0
0.0,0.0,0.0,0.0,0.0,0.0
0.0,0.0,0.0,0.0,0.0,0.0
0.0,1.0,1.0,1.0,1.0,1.0
1.0,1.0,1.0,1.0,1.0,1.0
0.0,0.0,0.0,0.0,0.0,0.0
0.0,0.0,0.0,0.0,0.0,0.0
0.0,-0.0,0.0,0.0,0.0,0.0
0.0,0.0,0.0,0.0,0.0,0.0
0.0,0.0,0.0,0.0,0.0,0.0
1.0,1.0,1.0,2.0,1.0,1.0
0.0,0.0,0.0,0.0,0.0,0.0
0.0,-0.0,0.0,0.0,0.0,0.0
1.0,1.0,1.0,1.0,1.0,1.0
0.0,1.0,1.0,1.0,1.0,1.0
0.0,0.0,0.0,0.0,0.0,0.0
0.0,0.0,0.0,0.0,0.0,0.0
0.0,0.0,0.0,0.0,0.0,0.0
0.0,0.0,0.0,0.0,0.0,0.0
0.0,0.0,0.0,0.0,0.0,0.0
0.0,0.0,0.0,0.0,0.0,0.0
0.0,1.0,0.0,0.0,0.0,0.0
0.0,0.0,0.0,1.0,1.0,0.0
1.0,6.0,5.0,6.0,4.0,5.0
0.0,0.0,0.0,0.0,0.0,0.0
0.0,0.0,0.0,0.0,0.0,0.0
0.0,1.0,0.0,0.0,0.0,0.0
2.0,1.0,1.0,1.0,1.0,1.0
6.0,5.0,5.0,3.0,2.0,4.0
1.0,1.0,1.0,1.0,1.0,1.0
0.0,0.0,0.0,0.0,0.0,0.0
0.0,0.0,0.0,0.0,0.0,0.0
0.0,0.0,0.0,0.0,0.0,0.0
0.0,0.0,0.0,0.0,0.0,0.0
3.0,3.0,4.0,3.0,2.0,3.0
0.0,-0.0,0.0,0.0,0.0,0.0
0.0,0.0,0.0,0.0,0.0,0.0
5.0,2.0,3.0,4.0,3.0,3.0
0.0,0.0,0.0,0.0,0.0,0.0
0.0,0.0,0.0,0.0,0.0,0.0
2.0,2.0,0.0,2.0,2.0,2.0
1.0,2.0,2.0,2.0,2.0,2.0
0.0,1.0,0.0,1.0,1.0,1.0
0.0,0.0,0.0,0.0,0.0,0.0
0.0,-0.0,0.0,0.0,0.0,0.0
0.0,0.0,0.0,0.0,0.0,0.0
0.0,0.0,0.0,0.0,0.0,0.0
0.0,-0.0,0.0,0.0,0.0,0.0
0.0,0.0,0.0,0.0,0.0,0.0
0.0,-0.0,0.0,0.0,0.0,0.0
1.0,6.0,4.0,5.0,3.0,4.0
0.0,-0.0,0.0,0.0,0.0,0.0
0.0,-0.0,0.0,0.0,0.0,0.0
0.0,-0.0,0.0,0.0,0.0,0.0
0.0,-0.0,0.0,0.0,0.0,0.0
0.0,1.0,2.0,1.0,1.0,1.0
1.0,1.0,0.0,1.0,1.0,1.0
0.0,-0.0,0.0,0.0,0.0,0.0
0.0,0.0,0.0,0.0,0.0,0.0
0.0,-0.0,0.0,0.0,0.0,0.0
1.0,0.0,0.0,0.0,0.0,0.0
0.0,-0.0,0.0,0.0,0.0,0.0
1.0,0.0,0.0,0.0,0.0,0.0
0.0,0.0,0.0,0.0,0.0,0.0
2.0,1.0,1.0,1.0,1.0,1.0
0.0,1.0,1.0,1.0,1.0,1.0
0.0,-0.0,0.0,0.0,0.0,0.0
0.0,0.0,0.0,0.0,0.0,0.0
1.0,1.0,2.0,3.0,1.0,2.0
0.0,-0.0,0.0,0.0,0.0,0.0
0.0,0.0,0.0,0.0,0.0,0.0
1.0,0.0,0.0,0.0,0.0,0.0
0.0,1.0,0.0,2.0,1.0,1.0
0.0,-0.0,0.0,0.0,0.0,0.0
3.0,3.0,6.0,5.0,3.0,4.0
0.0,-0.0,0.0,0.0,0.0,0.0
2.0,1.0,1.0,1.0,1.0,1.0
0.0,0.0,0.0,0.0,0.0,0.0
1.0,1.0,1.0,2.0,1.0,1.0
2.0,3.0,3.0,3.0,2.0,3.0
1.0,1.0,1.0,1.0,1.0,1.0
1.0,1.0,2.0,2.0,1.0,2.0
0.0,0.0,0.0,0.0,0.0,0.0
0.0,0.0,0.0,0.0,0.0,0.0
0.0,-0.0,0.0,0.0,0.0,0.0
0.0,-0.0,1.0,0.0,0.0,0.0
0.0,0.0,0.0,0.0,0.0,0.0
1.0,1.0,0.0,1.0,1.0,1.0
0.0,0.0,0.0,0.0,0.0,0.0
0.0,0.0,0.0,0.0,0.0,0.0
0.0,1.0,0.0,0.0,0.0,0.0
0.0,-0.0,0.0,0.0,0.0,0.0
0.0,0.0,0.0,0.0,0.0,0.0
15.0,20.0,17.0,14.0,8.0,15.0
0.0,1.0,1.0,1.0,1.0,1.0
0.0,0.0,1.0,0.0,1.0,0.0
0.0,-0.0,0.0,0.0,0.0,0.0
1.0,0.0,0.0,0.0,0.0,0.0
0.0,0.0,0.0,0.0,0.0,0.0
0.0,0.0,0.0,0.0,0.0,0.0
0.0,0.0,0.0,0.0,0.0,0.0
0.0,0.0,0.0,0.0,0.0,0.0
0.0,-0.0,0.0,0.0,0.0,0.0
0.0,-0.0,0.0,0.0,0.0,0.0
0.0,-0.0,0.0,0.0,0.0,0.0
1.0,1.0,1.0,1.0,1.0,1.0
0.0,-0.0,0.0,0.0,0.0,0.0
7.0,3.0,2.0,2.0,2.0,2.0
1.0,1.0,0.0,0.0,0.0,0.0
0.0,0.0,0.0,0.0,0.0,0.0
2.0,2.0,1.0,2.0,1.0,2.0
0.0,2.0,1.0,2.0,1.0,2.0
0.0,0.0,0.0,0.0,0.0,0.0
0.0,0.0,0.0,0.0,0.0,0.0
0.0,0.0,0.0,0.0,0.0,0.0
0.0,0.0,0.0,0.0,0.0,0.0
0.0,1.0,0.0,0.0,0.0,0.0
0.0,0.0,0.0,0.0,0.0,0.0
0.0,0.0,0.0,0.0,0.0,0.0
0.0,0.0,0.0,0.0,0.0,0.0
1.0,1.0,1.0,1.0,1.0,1.0
0.0,0.0,0.0,0.0,0.0,0.0
0.0,0.0,0.0,0.0,0.0,0.0
0.0,1.0,0.0,1.0,1.0,1.0
2.0,2.0,2.0,3.0,2.0,2.0
0.0,0.0,0.0,0.0,0.0,0.0
0.0,0.0,0.0,0.0,0.0,0.0
0.0,0.0,0.0,0.0,0.0,0.0
0.0,-0.0,0.0,0.0,0.0,0.0
0.0,-0.0,0.0,0.0,0.0,0.0
0.0,0.0,0.0,0.0,0.0,0.0
0.0,-0.0,0.0,0.0,0.0,0.0
0.0,0.0,0.0,0.0,0.0,0.0
0.0,0.0,0.0,0.0,0.0,0.0
0.0,0.0,0.0,0.0,0.0,0.0
2.0,1.0,1.0,0.0,1.0,1.0
1.0,0.0,0.0,0.0,0.0,0.0
0.0,0.0,0.0,0.0,0.0,0.0
0.0,0.0,0.0,0.0,0.0,0.0
1.0,1.0,0.0,0.0,1.0,0.0
1.0,1.0,1.0,0.0,0.0,0.0
0.0,0.0,0.0,0.0,0.0,0.0
0.0,-0.0,0.0,0.0,0.0,0.0
0.0,-0.0,0.0,0.0,0.0,0.0
0.0,0.0,0.0,0.0,0.0,0.0
2.0,3.0,3.0,3.0,2.0,3.0
0.0,0.0,0.0,0.0,0.0,0.0
0.0,0.0,0.0,0.0,0.0,0.0
0.0,0.0,0.0,0.0,0.0,0.0
0.0,1.0,0.0,1.0,1.0,1.0
0.0,-0.0,0.0,0.0,0.0,0.0
0.0,0.0,0.0,0.0,0.0,0.0
3.0,2.0,3.0,3.0,2.0,2.0
0.0,-0.0,0.0,0.0,0.0,0.0
0.0,0.0,0.0,0.0,0.0,0.0
0.0,0.0,0.0,0.0,0.0,0.0
0.0,0.0,0.0,0.0,0.0,0.0
0.0,0.0,0.0,0.0,0.0,0.0
0.0,1.0,0.0,0.0,0.0,0.0
0.0,-0.0,0.0,0.0,0.0,0.0
1.0,1.0,1.0,1.0,1.0,1.0
0.0,0.0,0.0,0.0,0.0,0.0
1.0,0.0,0.0,0.0,0.0,0.0
0.0,1.0,0.0,0.0,0.0,0.0
0.0,-0.0,0.0,0.0,0.0,0.0
0.0,-0.0,0.0,0.0,0.0,0.0
0.0,1.0,0.0,0.0,0.0,0.0
0.0,0.0,0.0,0.0,0.0,0.0
3.0,11.0,11.0,12.0,6.0,10.0
0.0,-0.0,0.0,0.0,0.0,0.0
0.0,-0.0,0.0,0.0,0.0,0.0
0.0,0.0,0.0,0.0,0.0,0.0
0.0,-0.0,0.0,0.0,0.0,0.0
0.0,0.0,0.0,0.0,0.0,0.0
0.0,0.0,0.0,0.0,0.0,0.0
0.0,0.0,0.0,0.0,0.0,0.0
1.0,1.0,1.0,0.0,1.0,1.0
0.0,0.0,0.0,0.0,0.0,0.0
0.0,-0.0,0.0,0.0,0.0,0.0
0.0,-0.0,0.0,0.0,0.0,0.0
0.0,0.0,0.0,0.0,0.0,0.0
0.0,-0.0,0.0,0.0,0.0,0.0
0.0,1.0,0.0,1.0,1.0,1.0
0.0,0.0,0.0,0.0,0.0,0.0
0.0,-0.0,0.0,0.0,0.0,0.0
0.0,-0.0,0.0,0.0,0.0,0.0
1.0,0.0,0.0,0.0,0.0,0.0
1.0,1.0,1.0,1.0,1.0,1.0
0.0,0.0,0.0,0.0,0.0,0.0
0.0,1.0,1.0,0.0,0.0,0.0
0.0,0.0,0.0,0.0,0.0,0.0
0.0,0.0,0.0,0.0,0.0,0.0
10.0,12.0,9.0,12.0,6.0,10.0
1.0,2.0,2.0,2.0,2.0,2.0
0.0,0.0,0.0,0.0,0.0,0.0
0.0,0.0,0.0,0.0,0.0,0.0
0.0,0.0,0.0,0.0,0.0,0.0
0.0,0.0,0.0,0.0,1.0,0.0
0.0,1.0,0.0,1.0,1.0,1.0
1.0,0.0,0.0,0.0,0.0,0.0
0.0,2.0,0.0,0.0,0.0,0.0
0.0,0.0,0.0,0.0,0.0,0.0
0.0,0.0,0.0,0.0,0.0,0.0
0.0,0.0,0.0,0.0,0.0,0.0
1.0,1.0,1.0,1.0,1.0,1.0
0.0,0.0,0.0,0.0,0.0,0.0
0.0,-0.0,0.0,0.0,0.0,0.0
1.0,1.0,1.0,2.0,1.0,1.0
1.0,1.0,1.0,1.0,1.0,1.0
0.0,-0.0,0.0,0.0,0.0,0.0
0.0,0.0,0.0,0.0,0.0,0.0
0.0,-0.0,0.0,0.0,0.0,0.0
1.0,1.0,1.0,1.0,1.0,1.0
0.0,0.0,0.0,0.0,0.0,0.0
0.0,0.0,0.0,0.0,0.0,0.0
0.0,0.0,0.0,0.0,0.0,0.0
5.0,3.0,3.0,3.0,3.0,3.0
0.0,0.0,0.0,0.0,0.0,0.0
0.0,0.0,0.0,0.0,0.0,0.0
0.0,0.0,0.0,0.0,0.0,0.0
1.0,-0.0,1.0,2.0,1.0,1.0
0.0,0.0,0.0,0.0,0.0,0.0
0.0,-0.0,0.0,0.0,0.0,0.0
0.0,-0.0,0.0,0.0,0.0,0.0
0.0,1.0,0.0,1.0,0.0,0.0
1.0,1.0,1.0,1.0,1.0,1.0
0.0,0.0,0.0,0.0,0.0,0.0
0.0,0.0,0.0,0.0,0.0,0.0
1.0,0.0,0.0,0.0,0.0,0.0
0.0,-0.0,0.0,0.0,0.0,0.0
0.0,0.0,0.0,0.0,0.0,0.0
1.0,1.0,1.0,1.0,1.0,1.0
0.0,-0.0,0.0,0.0,0.0,0.0
0.0,0.0,0.0,0.0,0.0,0.0
1.0,1.0,0.0,1.0,1.0,1.0
0.0,-0.0,0.0,0.0,0.0,0.0
0.0,-0.0,0.0,0.0,0.0,0.0
0.0,0.0,0.0,0.0,0.0,0.0
2.0,2.0,0.0,2.0,1.0,1.0
0.0,0.0,0.0,0.0,0.0,0.0
0.0,0.0,0.0,0.0,0.0,0.0
1.0,1.0,1.0,1.0,1.0,1.0
0.0,0.0,0.0,0.0,0.0,0.0
0.0,0.0,0.0,0.0,0.0,0.0
0.0,1.0,0.0,0.0,0.0,0.0
0.0,0.0,0.0,0.0,0.0,0.0
1.0,1.0,1.0,1.0,1.0,1.0
0.0,1.0,1.0,1.0,1.0,1.0
0.0,-0.0,0.0,0.0,0.0,0.0
5.0,3.0,3.0,3.0,3.0,3.0
0.0,-0.0,0.0,0.0,0.0,0.0
1.0,1.0,1.0,1.0,1.0,1.0
0.0,0.0,0.0,0.0,1.0,0.0
0.0,0.0,0.0,0.0,0.0,0.0
0.0,0.0,0.0,1.0,0.0,0.0
0.0,0.0,0.0,0.0,0.0,0.0
0.0,0.0,0.0,0.0,0.0,0.0
0.0,-0.0,0.0,0.0,0.0,0.0
0.0,-0.0,0.0,0.0,0.0,0.0
1.0,0.0,0.0,0.0,0.0,0.0
0.0,-0.0,0.0,0.0,0.0,0.0
0.0,0.0,0.0,0.0,0.0,0.0
0.0,0.0,0.0,0.0,0.0,0.0
0.0,1.0,1.0,1.0,1.0,1.0
0.0,-0.0,0.0,0.0,0.0,0.0
0.0,0.0,0.0,0.0,0.0,0.0
0.0,2.0,0.0,0.0,0.0,0.0
5.0,4.0,4.0,4.0,3.0,4.0
0.0,-0.0,0.0,0.0,0.0,0.0
0.0,0.0,0.0,1.0,1.0,0.0
1.0,-0.0,0.0,0.0,0.0,0.0
0.0,0.0,0.0,0.0,0.0,0.0
2.0,2.0,1.0,1.0,1.0,1.0
2.0,1.0,0.0,2.0,2.0,1.0
0.0,-0.0,0.0,0.0,0.0,0.0
0.0,0.0,0.0,0.0,0.0,0.0
0.0,-0.0,0.0,0.0,0.0,0.0
1.0,1.0,2.0,2.0,1.0,2.0
0.0,-0.0,0.0,0.0,0.0,0.0
0.0,-0.0,0.0,0.0,0.0,0.0
0.0,-0.0,0.0,0.0,0.0,0.0
0.0,0.0,0.0,1.0,1.0,0.0
0.0,-0.0,0.0,0.0,0.0,0.0
0.0,0.0,0.0,0.0,0.0,0.0
0.0,1.0,0.0,0.0,0.0,0.0
0.0,-0.0,0.0,0.0,0.0,0.0
1.0,0.0,0.0,0.0,0.0,0.0
0.0,0.0,0.0,0.0,0.0,0.0
2.0,0.0,0.0,0.0,0.0,0.0
1.0,0.0,0.0,0.0,0.0,0.0
0.0,0.0,0.0,0.0,0.0,0.0
0.0,1.0,1.0,1.0,1.0,1.0
0.0,-0.0,0.0,0.0,0.0,0.0
0.0,-0.0,0.0,0.0,0.0,0.0
0.0,-0.0,0.0,0.0,0.0,0.0
3.0,2.0,3.0,3.0,2.0,2.0
0.0,-0.0,0.0,0.0,0.0,0.0
0.0,0.0,0.0,0.0,0.0,0.0
4.0,3.0,3.0,3.0,2.0,3.0
0.0,-0.0,0.0,0.0,0.0,0.0
0.0,0.0,0.0,0.0,0.0,0.0
2.0,1.0,2.0,2.0,1.0,2.0
1.0,1.0,1.0,1.0,1.0,1.0
0.0,0.0,0.0,0.0,0.0,0.0
0.0,0.0,0.0,0.0,0.0,0.0
2.0,2.0,3.0,4.0,2.0,3.0
0.0,0.0,0.0,0.0,0.0,0.0
0.0,1.0,0.0,1.0,1.0,1.0
0.0,-0.0,0.0,0.0,0.0,0.0
0.0,0.0,0.0,0.0,0.0,0.0
0.0,-0.0,0.0,0.0,0.0,0.0
0.0,0.0,0.0,0.0,0.0,0.0
0.0,0.0,0.0,0.0,0.0,0.0
1.0,1.0,1.0,1.0,1.0,1.0
2.0,1.0,1.0,1.0,1.0,1.0
0.0,-0.0,0.0,0.0,0.0,0.0
0.0,0.0,0.0,1.0,1.0,0.0
0.0,0.0,0.0,0.0,0.0,0.0
0.0,0.0,0.0,0.0,0.0,0.0
1.0,0.0,1.0,0.0,0.0,0.0
0.0,1.0,0.0,0.0,0.0,0.0
0.0,0.0,0.0,0.0,0.0,0.0
0.0,1.0,0.0,0.0,0.0,0.0
1.0,2.0,2.0,2.0,1.0,2.0
3.0,3.0,3.0,4.0,2.0,3.0
0.0,0.0,0.0,0.0,0.0,0.0
0.0,1.0,0.0,1.0,0.0,0.0
1.0,1.0,1.0,1.0,1.0,1.0
1.0,2.0,2.0,4.0,2.0,2.0
0.0,1.0,1.0,2.0,1.0,1.0
0.0,1.0,0.0,0.0,0.0,0.0
0.0,-0.0,0.0,0.0,0.0,0.0
0.0,0.0,0.0,0.0,0.0,0.0
0.0,-0.0,0.0,0.0,0.0,0.0
0.0,0.0,1.0,0.0,0.0,0.0
0.0,1.0,1.0,2.0,1.0,1.0
1.0,0.0,0.0,0.0,0.0,0.0
1.0,1.0,2.0,1.0,1.0,1.0
5.0,2.0,2.0,3.0,2.0,2.0
0.0,-0.0,0.0,0.0,0.0,0.0
1.0,1.0,2.0,1.0,1.0,1.0
0.0,-0.0,0.0,0.0,0.0,0.0
4.0,3.0,4.0,4.0,2.0,3.0
0.0,1.0,0.0,0.0,0.0,0.0
1.0,1.0,1.0,1.0,1.0,1.0
1.0,1.0,0.0,0.0,0.0,0.0
0.0,0.0,0.0,1.0,1.0,0.0
0.0,0.0,0.0,0.0,0.0,0.0
0.0,1.0,1.0,1.0,1.0,1.0
0.0,0.0,0.0,0.0,0.0,0.0
1.0,1.0,0.0,1.0,1.0,1.0
0.0,-0.0,0.0,0.0,0.0,0.0
0.0,0.0,1.0,0.0,0.0,0.0
3.0,7.0,6.0,5.0,4.0,6.0
0.0,0.0,0.0,1.0,0.0,0.0
2.0,1.0,1.0,1.0,1.0,1.0
1.0,1.0,1.0,1.0,1.0,1.0
2.0,1.0,1.0,1.0,1.0,1.0
1.0,2.0,1.0,3.0,2.0,2.0
1.0,0.0,0.0,0.0,0.0,0.0
0.0,-0.0,0.0,0.0,0.0,0.0
1.0,0.0,0.0,0.0,0.0,0.0
1.0,0.0,0.0,0.0,0.0,0.0
2.0,2.0,1.0,2.0,1.0,2.0
1.0,1.0,1.0,1.0,1.0,1.0
0.0,0.0,0.0,0.0,0.0,0.0
0.0,0.0,0.0,0.0,0.0,0.0
0.0,0.0,0.0,0.0,0.0,0.0
0.0,0.0,0.0,0.0,0.0,0.0
0.0,1.0,1.0,1.0,1.0,1.0
1.0,1.0,0.0,0.0,0.0,0.0
1.0,1.0,1.0,1.0,1.0,1.0
0.0,0.0,0.0,0.0,0.0,0.0
0.0,-0.0,0.0,0.0,0.0,0.0
1.0,1.0,0.0,1.0,1.0,1.0
0.0,-0.0,0.0,0.0,0.0,0.0
0.0,0.0,0.0,0.0,0.0,0.0
0.0,0.0,0.0,0.0,0.0,0.0
1.0,0.0,1.0,0.0,0.0,0.0
0.0,0.0,0.0,0.0,0.0,0.0
0.0,0.0,0.0,0.0,0.0,0.0
0.0,1.0,0.0,0.0,0.0,0.0
0.0,-0.0,1.0,0.0,0.0,0.0
0.0,0.0,1.0,1.0,0.0,0.0
0.0,0.0,0.0,0.0,0.0,0.0
0.0,-0.0,0.0,0.0,0.0,0.0
4.0,1.0,1.0,1.0,0.0,1.0
2.0,0.0,0.0,0.0,0.0,0.0
0.0,0.0,0.0,0.0,0.0,0.0
0.0,0.0,0.0,0.0,0.0,0.0
0.0,1.0,1.0,1.0,0.0,1.0
0.0,-0.0,0.0,0.0,0.0,0.0
0.0,-0.0,0.0,0.0,0.0,0.0
2.0,3.0,4.0,4.0,2.0,3.0
0.0,0.0,0.0,1.0,1.0,0.0
0.0,-0.0,0.0,0.0,0.0,0.0
0.0,0.0,0.0,0.0,0.0,0.0
0.0,0.0,0.0,0.0,0.0,0.0
0.0,1.0,1.0,1.0,1.0,1.0
1.0,1.0,0.0,0.0,0.0,0.0
0.0,0.0,0.0,1.0,0.0,0.0
0.0,0.0,0.0,0.0,0.0,0.0
0.0,0.0,1.0,0.0,0.0,0.0
0.0,0.0,0.0,0.0,0.0,0.0
0.0,0.0,0.0,0.0,0.0,0.0
0.0,-0.0,0.0,0.0,0.0,0.0
0.0,0.0,0.0,0.0,0.0,0.0
1.0,1.0,1.0,1.0,1.0,1.0
0.0,1.0,1.0,1.0,1.0,1.0
0.0,1.0,0.0,0.0,0.0,0.0
2.0,1.0,1.0,1.0,1.0,1.0
0.0,-0.0,0.0,0.0,0.0,0.0
0.0,1.0,0.0,0.0,0.0,0.0
0.0,0.0,0.0,0.0,0.0,0.0
0.0,0.0,0.0,0.0,0.0,0.0
0.0,1.0,0.0,0.0,0.0,0.0
0.0,0.0,0.0,0.0,0.0,0.0
0.0,-0.0,0.0,0.0,0.0,0.0
0.0,-0.0,0.0,0.0,0.0,0.0
1.0,1.0,1.0,1.0,1.0,1.0
0.0,0.0,0.0,0.0,0.0,0.0
0.0,-0.0,0.0,0.0,0.0,0.0
0.0,0.0,1.0,0.0,0.0,0.0
0.0,0.0,0.0,0.0,0.0,0.0
0.0,-0.0,0.0,0.0,0.0,0.0
1.0,1.0,0.0,1.0,1.0,1.0
1.0,1.0,1.0,1.0,1.0,1.0
0.0,0.0,1.0,0.0,0.0,0.0
0.0,-0.0,0.0,0.0,0.0,0.0
0.0,-0.0,0.0,0.0,0.0,0.0
1.0,1.0,1.0,1.0,1.0,1.0
0.0,-0.0,0.0,0.0,0.0,0.0
0.0,1.0,1.0,1.0,1.0,1.0
0.0,0.0,0.0,0.0,0.0,0.0
1.0,1.0,1.0,1.0,2.0,1.0
0.0,-0.0,0.0,0.0,0.0,0.0
0.0,-0.0,0.0,0.0,0.0,0.0
0.0,0.0,0.0,0.0,0.0,0.0
0.0,1.0,0.0,1.0,1.0,1.0
0.0,-0.0,0.0,0.0,0.0,0.0
0.0,0.0,0.0,0.0,0.0,0.0
1.0,1.0,2.0,2.0,1.0,2.0
0.0,-0.0,0.0,0.0,0.0,0.0
0.0,0.0,0.0,0.0,0.0,0.0
0.0,1.0,0.0,1.0,1.0,1.0
0.0,0.0,0.0,0.0,0.0,0.0
4.0,2.0,2.0,2.0,1.0,2.0
0.0,-0.0,0.0,0.0,0.0,0.0
1.0,1.0,1.0,1.0,1.0,1.0
0.0,-0.0,0.0,0.0,0.0,0.0
5.0,4.0,5.0,5.0,3.0,4.0
0.0,-0.0,0.0,0.0,0.0,0.0
1.0,1.0,2.0,2.0,2.0,2.0
0.0,0.0,0.0,0.0,0.0,0.0
0.0,-0.0,0.0,0.0,0.0,0.0
5.0,3.0,5.0,4.0,3.0,4.0
0.0,-0.0,0.0,0.0,0.0,0.0
0.0,0.0,0.0,0.0,0.0,0.0
2.0,1.0,1.0,1.0,1.0,1.0
0.0,-0.0,0.0,0.0,0.0,0.0
0.0,0.0,0.0,0.0,0.0,0.0
0.0,0.0,1.0,0.0,0.0,0.0
0.0,0.0,0.0,0.0,0.0,0.0
0.0,0.0,0.0,0.0,0.0,0.0
0.0,-0.0,0.0,0.0,0.0,0.0
1.0,1.0,1.0,1.0,1.0,1.0
0.0,1.0,0.0,0.0,0.0,0.0
0.0,1.0,0.0,1.0,0.0,0.0
0.0,0.0,0.0,0.0,0.0,0.0
0.0,0.0,0.0,0.0,0.0,0.0
0.0,-0.0,0.0,0.0,0.0,0.0
0.0,0.0,0.0,0.0,0.0,0.0
3.0,2.0,4.0,3.0,2.0,3.0
0.0,1.0,0.0,0.0,0.0,0.0
1.0,1.0,1.0,1.0,1.0,1.0
0.0,0.0,0.0,0.0,0.0,0.0
0.0,0.0,0.0,0.0,0.0,0.0
0.0,-0.0,0.0,0.0,0.0,0.0
1.0,0.0,1.0,1.0,1.0,1.0
0.0,1.0,0.0,1.0,1.0,1.0
2.0,2.0,1.0,2.0,1.0,2.0
0.0,1.0,0.0,1.0,1.0,1.0
0.0,0.0,0.0,0.0,0.0,0.0
0.0,-0.0,0.0,0.0,0.0,0.0
0.0,0.0,0.0,1.0,1.0,0.0
0.0,-0.0,0.0,0.0,0.0,0.0
0.0,1.0,0.0,0.0,0.0,0.0
0.0,0.0,0.0,0.0,0.0,0.0
0.0,0.0,0.0,0.0,0.0,0.0
0.0,-0.0,0.0,0.0,0.0,0.0
0.0,0.0,0.0,0.0,0.0,0.0
2.0,1.0,1.0,2.0,2.0,2.0
0.0,0.0,0.0,0.0,0.0,0.0
0.0,0.0,0.0,0.0,0.0,0.0
2.0,1.0,1.0,1.0,1.0,1.0
0.0,0.0,0.0,0.0,0.0,0.0
0.0,-0.0,0.0,0.0,0.0,0.0
0.0,1.0,1.0,1.0,1.0,1.0
1.0,0.0,0.0,1.0,1.0,0.0
3.0,2.0,3.0,3.0,1.0,2.0
0.0,0.0,0.0,0.0,0.0,0.0
0.0,0.0,0.0,0.0,0.0,0.0
0.0,-0.0,0.0,0.0,0.0,0.0
0.0,-0.0,0.0,0.0,0.0,0.0
0.0,0.0,0.0,0.0,0.0,0.0
0.0,1.0,0.0,0.0,0.0,0.0
0.0,0.0,0.0,0.0,0.0,0.0
0.0,-0.0,0.0,0.0,0.0,0.0
0.0,0.0,0.0,0.0,0.0,0.0
0.0,0.0,0.0,0.0,0.0,0.0
0.0,0.0,0.0,0.0,0.0,0.0
0.0,-0.0,0.0,0.0,0.0,0.0
0.0,0.0,0.0,1.0,0.0,0.0
2.0,2.0,2.0,2.0,2.0,2.0
1.0,1.0,0.0,1.0,0.0,0.0
1.0,1.0,0.0,0.0,0.0,0.0
0.0,1.0,0.0,1.0,1.0,1.0
0.0,0.0,1.0,1.0,0.0,0.0
0.0,1.0,0.0,0.0,1.0,0.0
0.0,0.0,0.0,0.0,0.0,0.0
4.0,3.0,3.0,3.0,2.0,3.0
0.0,2.0,0.0,1.0,1.0,1.0
0.0,-0.0,0.0,0.0,0.0,0.0
0.0,-0.0,0.0,0.0,0.0,0.0
1.0,1.0,0.0,1.0,1.0,1.0
0.0,-0.0,0.0,0.0,0.0,0.0
0.0,-0.0,0.0,0.0,0.0,0.0
0.0,-0.0,0.0,0.0,0.0,0.0
9.0,1.0,3.0,3.0,2.0,2.0
0.0,-0.0,0.0,0.0,0.0,0.0
1.0,0.0,0.0,0.0,1.0,0.0
2.0,2.0,1.0,2.0,2.0,2.0
1.0,0.0,0.0,1.0,0.0,0.0
0.0,0.0,0.0,0.0,0.0,0.0
0.0,0.0,0.0,0.0,0.0,0.0
0.0,0.0,0.0,0.0,0.0,0.0
0.0,0.0,0.0,0.0,0.0,0.0
0.0,1.0,0.0,0.0,0.0,0.0
1.0,0.0,0.0,0.0,0.0,0.0
0.0,0.0,0.0,0.0,0.0,0.0
1.0,0.0,0.0,0.0,0.0,0.0
0.0,-0.0,0.0,0.0,0.0,0.0
0.0,0.0,0.0,0.0,0.0,0.0
0.0,-0.0,0.0,0.0,0.0,0.0
0.0,0.0,1.0,0.0,0.0,0.0
4.0,3.0,4.0,3.0,2.0,3.0
0.0,0.0,0.0,0.0,0.0,0.0
0.0,-0.0,0.0,0.0,0.0,0.0
0.0,-0.0,0.0,0.0,0.0,0.0
1.0,1.0,1.0,1.0,1.0,1.0
0.0,0.0,0.0,0.0,0.0,0.0
0.0,-0.0,0.0,0.0,0.0,0.0
0.0,0.0,0.0,0.0,0.0,0.0
0.0,0.0,0.0,0.0,0.0,0.0
3.0,3.0,3.0,3.0,2.0,3.0
0.0,0.0,0.0,0.0,0.0,0.0
1.0,0.0,0.0,0.0,0.0,0.0
1.0,0.0,0.0,0.0,0.0,0.0
2.0,1.0,1.0,1.0,1.0,1.0
0.0,0.0,0.0,0.0,0.0,0.0
2.0,1.0,1.0,1.0,1.0,1.0
4.0,3.0,4.0,4.0,2.0,3.0
0.0,-0.0,0.0,0.0,0.0,0.0
0.0,0.0,0.0,0.0,0.0,0.0
0.0,-0.0,0.0,0.0,0.0,0.0
0.0,0.0,0.0,0.0,0.0,0.0
0.0,-0.0,0.0,0.0,0.0,0.0
0.0,0.0,0.0,0.0,0.0,0.0
4.0,2.0,3.0,4.0,3.0,3.0
0.0,0.0,0.0,0.0,0.0,0.0
0.0,-0.0,0.0,0.0,0.0,0.0
0.0,-0.0,0.0,0.0,0.0,0.0
0.0,0.0,0.0,0.0,0.0,0.0
0.0,0.0,0.0,0.0,0.0,0.0
1.0,1.0,1.0,1.0,1.0,1.0
1.0,2.0,2.0,3.0,2.0,2.0
0.0,0.0,0.0,0.0,0.0,0.0
0.0,0.0,0.0,0.0,0.0,0.0
1.0,2.0,3.0,2.0,2.0,2.0
0.0,0.0,0.0,0.0,0.0,0.0
0.0,0.0,0.0,0.0,0.0,0.0
0.0,0.0,0.0,0.0,0.0,0.0
3.0,1.0,1.0,1.0,0.0,1.0
0.0,0.0,0.0,0.0,0.0,0.0
0.0,1.0,0.0,1.0,0.0,0.0
0.0,0.0,0.0,0.0,0.0,0.0
0.0,0.0,0.0,0.0,0.0,0.0
0.0,0.0,0.0,0.0,0.0,0.0
0.0,0.0,0.0,0.0,0.0,0.0
3.0,2.0,1.0,3.0,1.0,2.0
0.0,-0.0,0.0,0.0,0.0,0.0
0.0,-0.0,0.0,0.0,0.0,0.0
0.0,0.0,1.0,0.0,0.0,0.0
0.0,0.0,0.0,0.0,0.0,0.0
0.0,0.0,0.0,0.0,0.0,0.0
2.0,4.0,1.0,3.0,1.0,2.0
2.0,0.0,1.0,1.0,1.0,1.0
0.0,0.0,0.0,0.0,0.0,0.0
0.0,1.0,0.0,1.0,1.0,1.0
0.0,0.0,0.0,0.0,0.0,0.0
0.0,-0.0,0.0,0.0,0.0,0.0
0.0,-0.0,0.0,0.0,0.0,0.0
0.0,0.0,0.0,0.0,0.0,0.0
0.0,-0.0,0.0,0.0,0.0,0.0
0.0,-0.0,0.0,0.0,0.0,0.0
1.0,1.0,0.0,1.0,1.0,1.0
0.0,0.0,0.0,0.0,0.0,0.0
0.0,0.0,0.0,0.0,0.0,0.0
0.0,-0.0,0.0,0.0,0.0,0.0
2.0,1.0,2.0,2.0,1.0,2.0
0.0,0.0,0.0,0.0,0.0,0.0
3.0,1.0,1.0,1.0,1.0,1.0
0.0,-0.0,0.0,0.0,0.0,0.0
1.0,2.0,1.0,2.0,2.0,2.0
0.0,0.0,0.0,0.0,0.0,0.0
0.0,-0.0,0.0,0.0,0.0,0.0
1.0,1.0,1.0,1.0,1.0,1.0
0.0,-0.0,0.0,0.0,0.0,0.0
0.0,0.0,0.0,0.0,0.0,0.0
0.0,0.0,0.0,1.0,0.0,0.0
0.0,1.0,1.0,1.0,1.0,1.0
0.0,0.0,0.0,0.0,0.0,0.0
0.0,0.0,1.0,0.0,0.0,0.0
2.0,2.0,2.0,4.0,2.0,2.0
1.0,1.0,1.0,1.0,1.0,1.0
0.0,0.0,0.0,0.0,0.0,0.0
0.0,-0.0,0.0,0.0,0.0,0.0
0.0,0.0,0.0,0.0,0.0,0.0
0.0,-0.0,0.0,0.0,0.0,0.0
0.0,-0.0,0.0,0.0,0.0,0.0
0.0,0.0,0.0,0.0,0.0,0.0
0.0,0.0,0.0,0.0,0.0,0.0
2.0,1.0,2.0,1.0,1.0,1.0
0.0,-0.0,0.0,0.0,0.0,0.0
0.0,0.0,0.0,0.0,0.0,0.0
2.0,2.0,1.0,2.0,1.0,2.0
0.0,-0.0,0.0,0.0,0.0,0.0
0.0,-0.0,0.0,0.0,0.0,0.0
0.0,0.0,0.0,1.0,1.0,0.0
0.0,-0.0,0.0,0.0,0.0,0.0
0.0,1.0,0.0,0.0,0.0,0.0
0.0,0.0,1.0,0.0,0.0,0.0
0.0,0.0,0.0,0.0,0.0,0.0
0.0,0.0,0.0,0.0,1.0,0.0
0.0,1.0,0.0,0.0,0.0,0.0
0.0,0.0,0.0,0.0,0.0,0.0
0.0,0.0,0.0,0.0,0.0,0.0
0.0,0.0,0.0,0.0,0.0,0.0
0.0,0.0,0.0,0.0,0.0,0.0
0.0,0.0,0.0,0.0,0.0,0.0
0.0,-0.0,0.0,0.0,0.0,0.0
0.0,-0.0,0.0,0.0,0.0,0.0
3.0,2.0,1.0,2.0,1.0,2.0
0.0,0.0,0.0,0.0,0.0,0.0
0.0,-0.0,0.0,0.0,0.0,0.0
0.0,1.0,0.0,1.0,1.0,1.0
0.0,0.0,0.0,0.0,0.0,0.0
1.0,1.0,1.0,1.0,1.0,1.0
0.0,0.0,1.0,0.0,0.0,0.0
0.0,-0.0,0.0,0.0,0.0,0.0
1.0,1.0,1.0,1.0,1.0,1.0
0.0,0.0,0.0,0.0,0.0,0.0
2.0,2.0,1.0,2.0,1.0,2.0
0.0,0.0,0.0,0.0,0.0,0.0
0.0,-0.0,0.0,0.0,0.0,0.0
0.0,-0.0,0.0,0.0,0.0,0.0
0.0,0.0,0.0,0.0,0.0,0.0
0.0,-0.0,0.0,0.0,0.0,0.0
1.0,1.0,1.0,1.0,1.0,1.0
0.0,0.0,0.0,0.0,0.0,0.0
0.0,0.0,0.0,0.0,0.0,0.0
1.0,0.0,0.0,1.0,0.0,0.0
0.0,0.0,0.0,1.0,0.0,0.0
0.0,0.0,1.0,1.0,1.0,1.0
1.0,1.0,1.0,1.0,1.0,1.0
0.0,0.0,0.0,0.0,0.0,0.0
0.0,0.0,0.0,0.0,0.0,0.0
0.0,0.0,0.0,0.0,0.0,0.0
0.0,0.0,0.0,0.0,0.0,0.0
1.0,0.0,0.0,0.0,0.0,0.0
0.0,0.0,0.0,0.0,0.0,0.0
0.0,0.0,0.0,0.0,0.0,0.0
0.0,-0.0,0.0,0.0,0.0,0.0
0.0,1.0,0.0,1.0,0.0,0.0
0.0,-0.0,0.0,0.0,0.0,0.0
0.0,0.0,0.0,0.0,0.0,0.0
0.0,0.0,0.0,0.0,0.0,0.0
1.0,0.0,0.0,0.0,0.0,0.0
1.0,1.0,1.0,1.0,1.0,1.0
0.0,1.0,0.0,0.0,0.0,0.0
0.0,0.0,0.0,0.0,0.0,0.0
0.0,-0.0,0.0,0.0,0.0,0.0
0.0,-0.0,0.0,0.0,0.0,0.0
1.0,1.0,1.0,1.0,1.0,1.0
0.0,-0.0,0.0,0.0,0.0,0.0
0.0,0.0,0.0,0.0,0.0,0.0
0.0,1.0,0.0,0.0,0.0,0.0
0.0,1.0,0.0,1.0,1.0,1.0
1.0,1.0,1.0,1.0,1.0,1.0
0.0,0.0,0.0,0.0,0.0,0.0
0.0,-0.0,0.0,0.0,0.0,0.0
0.0,0.0,0.0,0.0,0.0,0.0
1.0,0.0,0.0,0.0,0.0,0.0
0.0,0.0,0.0,0.0,0.0,0.0
2.0,0.0,0.0,0.0,0.0,0.0
0.0,0.0,0.0,1.0,1.0,0.0
0.0,0.0,0.0,0.0,0.0,0.0
5.0,1.0,1.0,1.0,0.0,1.0
0.0,0.0,0.0,0.0,0.0,0.0
2.0,1.0,1.0,1.0,1.0,1.0
0.0,0.0,1.0,0.0,0.0,0.0
1.0,1.0,0.0,2.0,1.0,1.0
0.0,1.0,1.0,1.0,1.0,1.0
0.0,0.0,0.0,0.0,0.0,0.0
0.0,0.0,0.0,0.0,0.0,0.0
0.0,0.0,0.0,0.0,0.0,0.0
0.0,-0.0,0.0,0.0,0.0,0.0
0.0,-0.0,0.0,0.0,0.0,0.0
1.0,1.0,1.0,1.0,1.0,1.0
0.0,0.0,1.0,0.0,1.0,0.0
3.0,1.0,0.0,0.0,1.0,0.0
0.0,-0.0,0.0,0.0,0.0,0.0
1.0,1.0,1.0,1.0,1.0,1.0
4.0,5.0,4.0,5.0,4.0,4.0
0.0,1.0,1.0,1.0,1.0,1.0
0.0,-0.0,0.0,0.0,0.0,0.0
0.0,0.0,0.0,0.0,0.0,0.0
0.0,0.0,1.0,0.0,0.0,0.0
0.0,1.0,1.0,1.0,1.0,1.0
0.0,0.0,0.0,0.0,0.0,0.0
0.0,-0.0,0.0,0.0,0.0,0.0
0.0,0.0,0.0,0.0,0.0,0.0
0.0,-0.0,0.0,0.0,0.0,0.0
0.0,0.0,0.0,0.0,0.0,0.0
0.0,0.0,0.0,0.0,0.0,0.0
0.0,0.0,0.0,0.0,0.0,0.0
0.0,-0.0,0.0,0.0,0.0,0.0
0.0,-0.0,0.0,0.0,0.0,0.0
0.0,-0.0,0.0,0.0,0.0,0.0
0.0,0.0,0.0,0.0,0.0,0.0
0.0,-0.0,1.0,0.0,0.0,0.0
6.0,3.0,4.0,5.0,3.0,4.0
0.0,-0.0,0.0,0.0,0.0,0.0
0.0,0.0,0.0,0.0,0.0,0.0
2.0,1.0,1.0,1.0,1.0,1.0
0.0,-0.0,0.0,0.0,0.0,0.0
0.0,0.0,1.0,1.0,0.0,0.0
0.0,0.0,0.0,0.0,0.0,0.0
0.0,0.0,0.0,0.0,0.0,0.0
0.0,0.0,0.0,0.0,0.0,0.0
0.0,-0.0,0.0,0.0,0.0,0.0
1.0,1.0,1.0,1.0,1.0,1.0
0.0,0.0,0.0,0.0,0.0,0.0
0.0,-0.0,0.0,0.0,0.0,0.0
1.0,1.0,1.0,1.0,1.0,1.0
0.0,-0.0,0.0,0.0,0.0,0.0
0.0,-0.0,0.0,0.0,0.0,0.0
0.0,0.0,1.0,1.0,1.0,1.0
0.0,1.0,1.0,1.0,1.0,1.0
0.0,-0.0,0.0,0.0,0.0,0.0
0.0,0.0,0.0,1.0,1.0,0.0
1.0,0.0,1.0,1.0,1.0,1.0
0.0,0.0,0.0,0.0,0.0,0.0
0.0,-0.0,0.0,0.0,0.0,0.0
0.0,0.0,0.0,0.0,0.0,0.0
0.0,-0.0,0.0,0.0,0.0,0.0
1.0,1.0,1.0,1.0,1.0,1.0
0.0,0.0,0.0,0.0,0.0,0.0
0.0,-0.0,0.0,0.0,0.0,0.0
2.0,1.0,1.0,1.0,1.0,1.0
2.0,2.0,3.0,4.0,2.0,3.0
0.0,1.0,1.0,1.0,1.0,1.0
0.0,0.0,0.0,0.0,0.0,0.0
0.0,0.0,1.0,0.0,0.0,0.0
0.0,0.0,0.0,0.0,0.0,0.0
0.0,0.0,0.0,0.0,0.0,0.0
0.0,-0.0,0.0,0.0,0.0,0.0
0.0,0.0,0.0,0.0,0.0,0.0
1.0,0.0,0.0,0.0,1.0,0.0
0.0,-0.0,0.0,0.0,0.0,0.0
0.0,0.0,0.0,0.0,0.0,0.0
0.0,0.0,0.0,0.0,0.0,0.0
0.0,0.0,0.0,0.0,0.0,0.0
0.0,0.0,0.0,0.0,0.0,0.0
1.0,0.0,0.0,0.0,0.0,0.0
1.0,0.0,1.0,1.0,1.0,1.0
0.0,0.0,0.0,0.0,0.0,0.0
0.0,-0.0,0.0,0.0,0.0,0.0
1.0,1.0,1.0,1.0,1.0,1.0
1.0,1.0,1.0,1.0,1.0,1.0
0.0,0.0,0.0,0.0,0.0,0.0
0.0,0.0,1.0,0.0,0.0,0.0
0.0,0.0,0.0,0.0,0.0,0.0
1.0,1.0,1.0,1.0,1.0,1.0
0.0,0.0,0.0,1.0,0.0,0.0
1.0,1.0,1.0,0.0,0.0,0.0
0.0,0.0,0.0,0.0,0.0,0.0
1.0,3.0,3.0,4.0,2.0,3.0
0.0,-0.0,0.0,0.0,0.0,0.0
0.0,0.0,0.0,0.0,0.0,0.0
0.0,-0.0,1.0,0.0,0.0,0.0
0.0,0.0,0.0,1.0,1.0,0.0
0.0,0.0,0.0,0.0,0.0,0.0
0.0,0.0,0.0,0.0,0.0,0.0
0.0,0.0,0.0,0.0,0.0,0.0
0.0,0.0,0.0,1.0,1.0,0.0
0.0,0.0,0.0,0.0,0.0,0.0
1.0,1.0,1.0,0.0,0.0,0.0
5.0,7.0,5.0,5.0,3.0,5.0
1.0,1.0,2.0,1.0,1.0,1.0
0.0,-0.0,0.0,0.0,0.0,0.0
0.0,-0.0,0.0,0.0,0.0,0.0
1.0,1.0,2.0,1.0,1.0,1.0
0.0,0.0,0.0,0.0,0.0,0.0
0.0,-0.0,0.0,0.0,0.0,0.0
0.0,0.0,0.0,0.0,0.0,0.0
5.0,4.0,5.0,5.0,3.0,4.0
1.0,-0.0,0.0,0.0,0.0,0.0
0.0,0.0,0.0,0.0,0.0,0.0
0.0,0.0,0.0,0.0,0.0,0.0
0.0,-0.0,0.0,0.0,0.0,0.0
0.0,1.0,0.0,1.0,1.0,1.0
0.0,0.0,0.0,0.0,0.0,0.0
0.0,-0.0,0.0,0.0,0.0,0.0
0.0,-0.0,0.0,0.0,0.0,0.0
0.0,0.0,0.0,0.0,0.0,0.0
0.0,1.0,0.0,1.0,1.0,1.0
1.0,2.0,2.0,2.0,1.0,2.0
0.0,0.0,0.0,0.0,0.0,0.0
3.0,2.0,3.0,2.0,2.0,2.0
12.0,12.0,9.0,13.0,7.0,10.0
2.0,1.0,1.0,1.0,1.0,1.0
1.0,1.0,1.0,2.0,2.0,2.0
1.0,0.0,0.0,0.0,0.0,0.0
0.0,-0.0,0.0,0.0,0.0,0.0
0.0,-0.0,0.0,0.0,0.0,0.0
0.0,0.0,0.0,0.0,0.0,0.0
5.0,2.0,1.0,1.0,1.0,1.0
0.0,0.0,0.0,0.0,0.0,0.0
2.0,2.0,1.0,1.0,2.0,2.0
0.0,0.0,0.0,0.0,0.0,0.0
2.0,0.0,0.0,0.0,0.0,0.0
0.0,0.0,0.0,0.0,0.0,0.0
0.0,0.0,0.0,0.0,0.0,0.0
0.0,0.0,0.0,0.0,0.0,0.0
3.0,2.0,2.0,2.0,1.0,2.0
0.0,1.0,0.0,1.0,1.0,1.0
0.0,0.0,0.0,0.0,0.0,0.0
0.0,0.0,0.0,0.0,0.0,0.0
1.0,1.0,0.0,1.0,1.0,1.0
3.0,2.0,2.0,2.0,2.0,2.0
1.0,0.0,0.0,0.0,0.0,0.0
2.0,1.0,1.0,1.0,1.0,1.0
0.0,0.0,0.0,0.0,0.0,0.0
1.0,1.0,1.0,1.0,1.0,1.0
0.0,1.0,1.0,0.0,0.0,0.0
0.0,0.0,1.0,0.0,0.0,0.0
0.0,-0.0,0.0,0.0,0.0,0.0
2.0,1.0,3.0,2.0,2.0,2.0
0.0,0.0,0.0,0.0,0.0,0.0
0.0,0.0,0.0,0.0,0.0,0.0
1.0,0.0,0.0,0.0,0.0,0.0
0.0,-0.0,0.0,0.0,0.0,0.0
0.0,0.0,0.0,0.0,0.0,0.0
0.0,-0.0,0.0,0.0,0.0,0.0
1.0,1.0,1.0,1.0,1.0,1.0
1.0,1.0,0.0,1.0,1.0,1.0
0.0,0.0,0.0,0.0,0.0,0.0
0.0,1.0,1.0,1.0,1.0,1.0
0.0,-0.0,0.0,0.0,0.0,0.0
0.0,-0.0,0.0,0.0,0.0,0.0
4.0,2.0,2.0,2.0,1.0,2.0
2.0,1.0,0.0,1.0,1.0,1.0
0.0,0.0,0.0,0.0,0.0,0.0
1.0,1.0,1.0,1.0,1.0,1.0
0.0,0.0,0.0,0.0,0.0,0.0
0.0,0.0,0.0,0.0,0.0,0.0
3.0,2.0,3.0,3.0,2.0,2.0
0.0,-0.0,0.0,0.0,0.0,0.0
0.0,-0.0,0.0,0.0,0.0,0.0
0.0,0.0,0.0,0.0,0.0,0.0
0.0,0.0,0.0,0.0,0.0,0.0
0.0,1.0,1.0,1.0,1.0,1.0
0.0,0.0,0.0,0.0,0.0,0.0
1.0,1.0,1.0,1.0,1.0,1.0
0.0,0.0,0.0,0.0,0.0,0.0
0.0,0.0,0.0,0.0,0.0,0.0
0.0,-0.0,0.0,0.0,0.0,0.0
1.0,0.0,0.0,1.0,0.0,0.0
0.0,0.0,1.0,0.0,0.0,0.0
2.0,1.0,1.0,1.0,1.0,1.0
0.0,0.0,0.0,0.0,0.0,0.0
0.0,0.0,0.0,0.0,0.0,0.0
1.0,1.0,1.0,1.0,1.0,1.0
0.0,0.0,0.0,0.0,0.0,0.0
0.0,0.0,0.0,0.0,0.0,0.0
0.0,-0.0,1.0,0.0,0.0,0.0
0.0,0.0,0.0,1.0,0.0,0.0
1.0,1.0,0.0,1.0,1.0,1.0
0.0,0.0,0.0,0.0,0.0,0.0
0.0,-0.0,0.0,0.0,0.0,0.0
0.0,-0.0,0.0,0.0,0.0,0.0
1.0,2.0,1.0,1.0,1.0,1.0
0.0,-0.0,0.0,0.0,0.0,0.0
0.0,-0.0,0.0,0.0,0.0,0.0
1.0,2.0,2.0,2.0,2.0,2.0
2.0,1.0,1.0,1.0,1.0,1.0
2.0,1.0,1.0,1.0,1.0,1.0
0.0,0.0,0.0,0.0,0.0,0.0
2.0,2.0,2.0,2.0,2.0,2.0
0.0,0.0,0.0,0.0,0.0,0.0
6.0,6.0,4.0,5.0,3.0,4.0
0.0,0.0,0.0,0.0,0.0,0.0
0.0,1.0,0.0,0.0,0.0,0.0
0.0,0.0,0.0,0.0,0.0,0.0
0.0,0.0,0.0,0.0,0.0,0.0
1.0,1.0,1.0,1.0,1.0,1.0
0.0,-0.0,0.0,0.0,0.0,0.0
0.0,0.0,0.0,0.0,0.0,0.0
0.0,0.0,0.0,0.0,0.0,0.0
0.0,2.0,1.0,1.0,1.0,1.0
0.0,-0.0,0.0,0.0,0.0,0.0
0.0,-0.0,0.0,0.0,0.0,0.0
2.0,1.0,1.0,1.0,1.0,1.0
0.0,-0.0,0.0,0.0,0.0,0.0
1.0,1.0,1.0,1.0,1.0,1.0
0.0,0.0,0.0,0.0,0.0,0.0
0.0,-0.0,0.0,0.0,0.0,0.0
0.0,-0.0,0.0,0.0,0.0,0.0
0.0,-0.0,0.0,0.0,0.0,0.0
0.0,0.0,0.0,0.0,0.0,0.0
0.0,-0.0,0.0,0.0,0.0,0.0
0.0,0.0,0.0,0.0,0.0,0.0
0.0,1.0,0.0,1.0,1.0,1.0
0.0,0.0,0.0,0.0,0.0,0.0
1.0,1.0,1.0,1.0,1.0,1.0
0.0,0.0,1.0,0.0,0.0,0.0
0.0,0.0,0.0,0.0,0.0,0.0
0.0,0.0,0.0,0.0,0.0,0.0
0.0,0.0,0.0,0.0,0.0,0.0
0.0,0.0,1.0,0.0,0.0,0.0
0.0,0.0,0.0,0.0,0.0,0.0
0.0,0.0,0.0,0.0,0.0,0.0
0.0,0.0,0.0,0.0,0.0,0.0
0.0,-0.0,0.0,0.0,0.0,0.0
0.0,-0.0,0.0,0.0,0.0,0.0
0.0,-0.0,0.0,0.0,0.0,0.0
0.0,-0.0,0.0,0.0,0.0,0.0
0.0,0.0,0.0,0.0,0.0,0.0
0.0,1.0,0.0,0.0,0.0,0.0
0.0,0.0,1.0,0.0,0.0,0.0
0.0,0.0,0.0,0.0,0.0,0.0
1.0,1.0,0.0,1.0,1.0,1.0
0.0,1.0,0.0,1.0,1.0,1.0
0.0,0.0,0.0,0.0,0.0,0.0
0.0,0.0,0.0,0.0,0.0,0.0
0.0,-0.0,0.0,0.0,0.0,0.0
0.0,0.0,0.0,0.0,0.0,0.0
0.0,-0.0,0.0,0.0,0.0,0.0
0.0,1.0,0.0,0.0,0.0,0.0
0.0,0.0,0.0,0.0,0.0,0.0
0.0,-0.0,0.0,0.0,0.0,0.0
1.0,1.0,1.0,1.0,1.0,1.0
0.0,1.0,0.0,1.0,1.0,1.0
0.0,-0.0,0.0,0.0,0.0,0.0
0.0,-0.0,0.0,0.0,0.0,0.0
1.0,1.0,0.0,0.0,0.0,0.0
0.0,-0.0,0.0,0.0,0.0,0.0
1.0,1.0,1.0,1.0,1.0,1.0
0.0,0.0,0.0,0.0,0.0,0.0
0.0,0.0,0.0,0.0,0.0,0.0
0.0,1.0,0.0,1.0,0.0,0.0
1.0,1.0,2.0,1.0,1.0,1.0
0.0,0.0,0.0,0.0,0.0,0.0
1.0,1.0,1.0,0.0,0.0,0.0
0.0,-0.0,0.0,0.0,0.0,0.0
0.0,0.0,0.0,0.0,0.0,0.0
0.0,-0.0,0.0,0.0,0.0,0.0
0.0,-0.0,0.0,0.0,0.0,0.0
0.0,1.0,1.0,1.0,1.0,1.0
0.0,1.0,0.0,1.0,1.0,1.0
0.0,0.0,0.0,0.0,0.0,0.0
1.0,2.0,2.0,2.0,2.0,2.0
0.0,0.0,0.0,0.0,0.0,0.0
0.0,0.0,0.0,0.0,0.0,0.0
0.0,-0.0,0.0,0.0,0.0,0.0
0.0,-0.0,0.0,0.0,0.0,0.0
0.0,0.0,0.0,0.0,0.0,0.0
0.0,1.0,1.0,2.0,1.0,1.0
4.0,4.0,5.0,4.0,2.0,4.0
0.0,0.0,0.0,0.0,0.0,0.0
0.0,0.0,0.0,0.0,0.0,0.0
1.0,1.0,1.0,1.0,1.0,1.0
1.0,1.0,1.0,1.0,1.0,1.0
1.0,2.0,2.0,2.0,1.0,2.0
2.0,1.0,1.0,1.0,1.0,1.0
2.0,1.0,1.0,2.0,1.0,1.0
0.0,0.0,0.0,0.0,0.0,0.0
0.0,0.0,0.0,0.0,0.0,0.0
0.0,0.0,0.0,0.0,0.0,0.0
0.0,0.0,0.0,0.0,0.0,0.0
1.0,2.0,2.0,2.0,1.0,2.0
1.0,2.0,1.0,1.0,1.0,1.0
0.0,1.0,1.0,1.0,1.0,1.0
0.0,0.0,0.0,0.0,0.0,0.0
0.0,0.0,0.0,0.0,0.0,0.0
0.0,-0.0,0.0,0.0,0.0,0.0
0.0,-0.0,0.0,0.0,0.0,0.0
0.0,0.0,0.0,0.0,0.0,0.0
1.0,1.0,0.0,1.0,1.0,1.0
0.0,0.0,0.0,0.0,0.0,0.0
0.0,-0.0,0.0,0.0,0.0,0.0
0.0,1.0,0.0,0.0,0.0,0.0
0.0,-0.0,0.0,0.0,0.0,0.0
0.0,0.0,0.0,0.0,0.0,0.0
0.0,0.0,0.0,0.0,0.0,0.0
0.0,0.0,0.0,1.0,1.0,0.0
0.0,0.0,1.0,1.0,0.0,0.0
1.0,0.0,0.0,1.0,1.0,0.0
0.0,0.0,0.0,0.0,0.0,0.0
0.0,-0.0,0.0,0.0,0.0,0.0
0.0,0.0,0.0,0.0,0.0,0.0
1.0,1.0,0.0,0.0,0.0,0.0
4.0,4.0,4.0,3.0,2.0,3.0
0.0,0.0,0.0,0.0,0.0,0.0
2.0,2.0,1.0,2.0,2.0,2.0
0.0,-0.0,0.0,0.0,0.0,0.0
2.0,1.0,1.0,1.0,1.0,1.0
2.0,2.0,2.0,2.0,1.0,2.0
0.0,0.0,0.0,0.0,0.0,0.0
0.0,1.0,1.0,1.0,1.0,1.0
0.0,1.0,0.0,0.0,0.0,0.0
0.0,1.0,3.0,4.0,2.0,2.0
1.0,1.0,0.0,1.0,1.0,1.0
0.0,0.0,0.0,0.0,0.0,0.0
1.0,0.0,0.0,0.0,0.0,0.0
0.0,-0.0,0.0,0.0,0.0,0.0
0.0,-0.0,0.0,0.0,0.0,0.0
0.0,-0.0,0.0,0.0,0.0,0.0
1.0,-0.0,0.0,0.0,0.0,0.0
0.0,1.0,0.0,0.0,0.0,0.0
3.0,2.0,3.0,2.0,2.0,2.0
0.0,-0.0,0.0,0.0,0.0,0.0
0.0,0.0,0.0,0.0,0.0,0.0
0.0,0.0,0.0,0.0,0.0,0.0
0.0,1.0,1.0,1.0,1.0,1.0
0.0,0.0,0.0,0.0,0.0,0.0
0.0,0.0,0.0,0.0,0.0,0.0
0.0,1.0,2.0,1.0,1.0,1.0
0.0,0.0,0.0,0.0,0.0,0.0
0.0,-0.0,0.0,0.0,0.0,0.0
0.0,0.0,1.0,0.0,1.0,0.0
0.0,0.0,0.0,0.0,0.0,0.0
0.0,-0.0,0.0,0.0,0.0,0.0
1.0,0.0,0.0,0.0,0.0,0.0
1.0,2.0,2.0,2.0,1.0,2.0
0.0,0.0,0.0,0.0,0.0,0.0
0.0,0.0,0.0,0.0,0.0,0.0
0.0,-0.0,0.0,0.0,0.0,0.0
4.0,3.0,4.0,3.0,2.0,3.0
0.0,0.0,0.0,0.0,0.0,0.0
0.0,-0.0,0.0,0.0,0.0,0.0
0.0,0.0,1.0,0.0,1.0,0.0
0.0,0.0,1.0,0.0,0.0,0.0
0.0,-0.0,0.0,0.0,0.0,0.0
0.0,0.0,0.0,0.0,0.0,0.0
0.0,0.0,0.0,0.0,0.0,0.0
0.0,-0.0,0.0,0.0,0.0,0.0
0.0,-0.0,0.0,0.0,0.0,0.0
0.0,0.0,0.0,0.0,0.0,0.0
0.0,0.0,0.0,0.0,0.0,0.0
0.0,-0.0,0.0,0.0,0.0,0.0
0.0,0.0,0.0,0.0,0.0,0.0
0.0,0.0,0.0,0.0,0.0,0.0
0.0,-0.0,0.0,0.0,0.0,0.0
5.0,2.0,3.0,3.0,2.0,2.0
0.0,0.0,0.0,0.0,0.0,0.0
0.0,0.0,0.0,0.0,0.0,0.0
0.0,-0.0,0.0,0.0,0.0,0.0
0.0,-0.0,0.0,0.0,0.0,0.0
0.0,0.0,0.0,0.0,0.0,0.0
2.0,1.0,1.0,1.0,1.0,1.0
0.0,0.0,0.0,0.0,0.0,0.0
0.0,0.0,1.0,0.0,0.0,0.0
0.0,0.0,0.0,0.0,0.0,0.0
0.0,0.0,0.0,0.0,0.0,0.0
1.0,1.0,0.0,1.0,1.0,1.0
0.0,0.0,0.0,0.0,0.0,0.0
0.0,0.0,0.0,0.0,0.0,0.0
7.0,3.0,5.0,4.0,3.0,4.0
0.0,0.0,0.0,0.0,0.0,0.0
0.0,0.0,0.0,0.0,0.0,0.0
0.0,0.0,0.0,0.0,0.0,0.0
0.0,0.0,0.0,0.0,0.0,0.0
0.0,-0.0,0.0,0.0,0.0,0.0
0.0,0.0,0.0,0.0,0.0,0.0
0.0,0.0,0.0,0.0,0.0,0.0
2.0,1.0,0.0,1.0,1.0,1.0
1.0,1.0,0.0,0.0,0.0,0.0
0.0,1.0,1.0,1.0,1.0,1.0
0.0,1.0,1.0,2.0,1.0,1.0
0.0,-0.0,0.0,0.0,0.0,0.0
0.0,1.0,1.0,1.0,1.0,1.0
2.0,1.0,1.0,1.0,1.0,1.0
0.0,0.0,0.0,0.0,0.0,0.0
0.0,0.0,0.0,0.0,0.0,0.0
0.0,-0.0,0.0,0.0,0.0,0.0
0.0,0.0,1.0,0.0,0.0,0.0
1.0,1.0,1.0,1.0,1.0,1.0
0.0,0.0,0.0,0.0,0.0,0.0
0.0,0.0,0.0,0.0,0.0,0.0
0.0,-0.0,0.0,0.0,0.0,0.0
1.0,1.0,0.0,1.0,1.0,1.0
0.0,0.0,0.0,0.0,0.0,0.0
3.0,2.0,2.0,3.0,2.0,2.0
0.0,1.0,0.0,1.0,1.0,1.0
0.0,0.0,0.0,0.0,0.0,0.0
0.0,0.0,0.0,0.0,0.0,0.0
0.0,-0.0,0.0,0.0,0.0,0.0
0.0,-0.0,0.0,0.0,0.0,0.0
0.0,0.0,0.0,1.0,0.0,0.0
2.0,3.0,3.0,3.0,2.0,3.0
0.0,1.0,0.0,1.0,1.0,1.0
3.0,3.0,4.0,4.0,3.0,4.0
1.0,0.0,0.0,0.0,0.0,0.0
1.0,1.0,0.0,0.0,0.0,0.0
1.0,2.0,2.0,2.0,1.0,2.0
0.0,1.0,1.0,0.0,0.0,0.0
0.0,1.0,1.0,1.0,1.0,1.0
0.0,0.0,0.0,0.0,0.0,0.0
0.0,0.0,0.0,0.0,0.0,0.0
0.0,0.0,0.0,0.0,0.0,0.0
3.0,3.0,4.0,3.0,2.0,3.0
0.0,0.0,0.0,0.0,0.0,0.0
0.0,0.0,0.0,0.0,0.0,0.0
0.0,0.0,0.0,0.0,0.0,0.0
0.0,0.0,0.0,0.0,0.0,0.0
2.0,0.0,0.0,0.0,0.0,0.0
0.0,0.0,0.0,0.0,0.0,0.0
0.0,0.0,0.0,0.0,0.0,0.0
0.0,0.0,0.0,0.0,0.0,0.0
0.0,0.0,0.0,0.0,0.0,0.0
0.0,-0.0,0.0,0.0,0.0,0.0
0.0,-0.0,0.0,0.0,0.0,0.0
0.0,-0.0,0.0,0.0,0.0,0.0
1.0,1.0,2.0,1.0,1.0,1.0
0.0,0.0,0.0,0.0,0.0,0.0
3.0,2.0,2.0,2.0,1.0,2.0
0.0,0.0,0.0,0.0,0.0,0.0
0.0,-0.0,0.0,0.0,0.0,0.0
22.0,12.0,7.0,12.0,7.0,10.0
0.0,0.0,0.0,0.0,0.0,0.0
0.0,-0.0,0.0,0.0,0.0,0.0
2.0,1.0,1.0,2.0,1.0,1.0
0.0,-0.0,0.0,0.0,0.0,0.0
0.0,-0.0,0.0,0.0,0.0,0.0
0.0,0.0,0.0,0.0,0.0,0.0
1.0,3.0,2.0,3.0,2.0,2.0
4.0,1.0,1.0,1.0,1.0,1.0
0.0,0.0,0.0,0.0,0.0,0.0
0.0,0.0,0.0,0.0,0.0,0.0
0.0,0.0,0.0,0.0,0.0,0.0
0.0,-0.0,1.0,0.0,0.0,0.0
0.0,0.0,1.0,0.0,0.0,0.0
1.0,1.0,1.0,1.0,1.0,1.0
2.0,0.0,0.0,1.0,1.0,0.0
1.0,1.0,1.0,2.0,1.0,1.0
0.0,0.0,1.0,0.0,0.0,0.0
0.0,1.0,1.0,1.0,1.0,1.0
0.0,-0.0,0.0,0.0,0.0,0.0
0.0,1.0,1.0,1.0,1.0,1.0
2.0,1.0,2.0,1.0,1.0,1.0
0.0,0.0,0.0,0.0,0.0,0.0
0.0,0.0,0.0,0.0,0.0,0.0
0.0,0.0,0.0,0.0,0.0,0.0
0.0,-0.0,0.0,0.0,0.0,0.0
3.0,4.0,4.0,5.0,3.0,4.0
1.0,1.0,1.0,0.0,0.0,0.0
1.0,0.0,0.0,0.0,0.0,0.0
0.0,0.0,0.0,0.0,0.0,0.0
0.0,0.0,0.0,0.0,0.0,0.0
0.0,-0.0,0.0,0.0,0.0,0.0
0.0,0.0,0.0,0.0,0.0,0.0
1.0,0.0,0.0,0.0,0.0,0.0
1.0,1.0,1.0,1.0,1.0,1.0
0.0,0.0,0.0,0.0,0.0,0.0
1.0,1.0,2.0,2.0,1.0,2.0
0.0,-0.0,0.0,0.0,0.0,0.0
0.0,0.0,0.0,1.0,0.0,0.0
0.0,0.0,0.0,0.0,0.0,0.0
0.0,-0.0,0.0,0.0,0.0,0.0
0.0,0.0,0.0,0.0,0.0,0.0
0.0,-0.0,0.0,0.0,0.0,0.0
0.0,1.0,0.0,0.0,0.0,0.0
1.0,2.0,3.0,3.0,2.0,2.0
2.0,2.0,2.0,3.0,2.0,2.0
1.0,1.0,1.0,3.0,2.0,2.0
3.0,2.0,1.0,2.0,2.0,2.0
0.0,1.0,1.0,0.0,1.0,1.0
5.0,5.0,1.0,5.0,3.0,4.0
0.0,0.0,0.0,0.0,0.0,0.0
1.0,1.0,0.0,1.0,1.0,1.0
0.0,0.0,0.0,0.0,0.0,0.0
0.0,0.0,0.0,0.0,0.0,0.0
69.0,53.0,16.0,19.0,11.0,25.0
1.0,1.0,1.0,1.0,1.0,1.0
0.0,-0.0,0.0,0.0,0.0,0.0
0.0,-0.0,0.0,0.0,0.0,0.0
2.0,1.0,0.0,0.0,1.0,0.0
1.0,0.0,0.0,0.0,0.0,0.0
0.0,-0.0,0.0,0.0,0.0,0.0
1.0,1.0,0.0,0.0,0.0,0.0
0.0,0.0,0.0,0.0,0.0,0.0
